"","CHR","POS","bmi_ea","bmi_beta","bmi_se","bmi_p","SNP","pval.exposure"
"1",1,1590521,"A",-0.02,0.0022,2.033e-20,"rs79113395",2.033e-20
"2",1,2727804,"T",-0.0135,0.0016,2.205e-16,"rs10909880",2.205e-16
"3",1,8708529,"T",-0.0111,0.0017,2.365e-10,"rs11121210",2.365e-10
"4",1,11284336,"A",0.0131,0.0018,2.657e-13,"rs10779751",2.657e-13
"5",1,15865418,"A",-0.0102,0.0018,1.857e-08,"rs10803390",1.857e-08
"6",1,19934900,"A",-0.0142,0.0022,2.24e-10,"rs61740466",2.24e-10
"7",1,23312025,"T",-0.0173,0.0022,6.198e-15,"rs4655141",6.198e-15
"8",1,32164206,"T",-0.0124,0.002,5.718e-10,"rs2228550",5.718e-10
"9",1,33776728,"T",0.0118,0.0018,1.11e-10,"rs4653017",1.11e-10
"10",1,34283008,"T",-0.0097,0.0017,1.286e-08,"rs7512146",1.286e-08
"11",1,38026600,"T",0.0186,0.003,3.275e-10,"rs11577094",3.275e-10
"12",1,39560250,"T",0.018,0.0023,1.29e-14,"rs112646560",1.29e-14
"13",1,47690438,"T",0.0165,0.0016,3.803e-24,"rs2984618",3.803e-24
"14",1,49589847,"A",0.0188,0.0016,3.172e-30,"rs657452",3.172e-30
"15",1,54743111,"T",0.012,0.0018,6.208e-11,"rs587271",6.208e-11
"16",1,57887985,"T",0.0158,0.0026,1.691e-09,"rs79906980",1.691e-09
"17",1,62579891,"T",-0.0353,0.0034,1.443e-25,"rs12140153",1.443e-25
"18",1,66461401,"A",0.013,0.0017,1.327e-14,"rs2503185",1.327e-14
"19",1,72751185,"T",-0.0254,0.0016,4.804e-54,"rs3101336",4.804e-54
"20",1,75005776,"A",-0.0178,0.0016,3.056e-27,"rs6656785",3.056e-27
"21",1,78450517,"A",0.0391,0.003,3.403e-39,"rs34517439",3.403e-39
"22",1,80812020,"C",0.012,0.0018,6.415e-11,"rs6696828",6.415e-11
"23",1,96478125,"A",0.0126,0.002,1.488e-10,"rs321237",1.488e-10
"24",1,96924097,"T",0.0185,0.0016,4.493e-30,"rs11165643",4.493e-30
"25",1,98315893,"A",-0.0169,0.0023,1.502e-13,"rs12072739",1.502e-13
"26",1,110154688,"T",-0.0644,0.0049,7.105e-39,"rs17024393",7.105e-39
"27",1,112289983,"T",0.0141,0.0017,3.155e-16,"rs197374",3.155e-16
"28",1,118864616,"A",-0.012,0.0018,6.65e-11,"rs7534091",6.65e-11
"29",1,147032779,"A",0.0305,0.0054,1.758e-08,"rs74887628",1.758e-08
"30",1,151004003,"T",0.0116,0.0021,1.811e-08,"rs4970991",1.811e-08
"31",1,156049877,"T",0.0289,0.0028,3.196e-24,"rs61813324",3.196e-24
"32",1,156488420,"A",0.0129,0.0018,2.778e-13,"rs1750307",2.778e-13
"33",1,167280354,"A",0.0093,0.0016,6.958e-09,"rs10733051",6.958e-09
"34",1,174321997,"A",0.0223,0.003,2.492e-13,"rs61828641",2.492e-13
"35",1,177889480,"A",-0.0479,0.002,3.06e-125,"rs543874",3.06e-125
"36",1,190239907,"A",0.0149,0.0016,7.148e-20,"rs10920678",7.148e-20
"37",1,194965200,"T",-0.0126,0.0018,5.521e-13,"rs2400414",5.521e-13
"38",1,201800868,"A",0.0235,0.0018,5.556e-39,"rs2820295",5.556e-39
"39",1,202115945,"A",-0.0101,0.0017,4.197e-09,"rs10920336",4.197e-09
"40",1,209552636,"T",0.016,0.0026,3.749e-10,"rs1006317",3.749e-10
"41",1,210095527,"T",0.012,0.0016,1.721e-13,"rs6661316",1.721e-13
"42",1,230304914,"A",0.011,0.0019,1.196e-08,"rs10864728",1.196e-08
"43",1,243684019,"T",0.0197,0.0025,4.823e-15,"rs946824",4.823e-15
"44",2,239597,"C",0.0103,0.0018,5.778e-09,"rs6710091",5.778e-09
"45",2,430975,"T",-0.0939,0.0053,1.505e-70,"rs77165542",1.505e-70
"46",2,632348,"A",-0.0578,0.0021,2.89e-161,"rs13021737",2.89e-161
"47",2,6155557,"A",-0.0142,0.0016,3.045e-18,"rs10929925",3.045e-18
"48",2,12845368,"T",0.0167,0.0027,1.061e-09,"rs11902450",1.061e-09
"49",2,25150296,"A",-0.0327,0.0016,2.45e-91,"rs10182181",2.45e-91
"50",2,26949366,"A",-0.0152,0.0019,8.691e-16,"rs935166",8.691e-16
"51",2,35552173,"A",0.0126,0.0018,9.334e-12,"rs10168563",9.334e-12
"52",2,36657992,"T",-0.0297,0.0053,2.103e-08,"rs3770890",2.103e-08
"53",2,40282202,"A",-0.0143,0.002,3.178e-13,"rs10185199",3.178e-13
"54",2,41637688,"T",-0.012,0.0018,1.338e-11,"rs10169594",1.338e-11
"55",2,48954905,"T",0.0169,0.0021,4.89e-16,"rs7561278",4.89e-16
"56",2,50233352,"A",0.0208,0.0023,2.03e-19,"rs930295",2.03e-19
"57",2,54120820,"A",-0.0098,0.0017,1.144e-08,"rs805412",1.144e-08
"58",2,58935282,"T",0.0214,0.0017,3.422e-36,"rs4671328",3.422e-36
"59",2,59307725,"A",-0.0194,0.0016,4.013e-32,"rs6545714",4.013e-32
"60",2,67837553,"T",0.0165,0.0019,7.823e-18,"rs2861685",7.823e-18
"61",2,81819485,"C",-0.0144,0.0024,3.567e-09,"rs10520330",3.567e-09
"62",2,86812549,"T",-0.0141,0.0017,3.219e-16,"rs12714199",3.219e-16
"63",2,100830040,"T",0.0169,0.0017,1.264e-22,"rs4303732",1.264e-22
"64",2,104297420,"A",-0.0124,0.0017,1.836e-13,"rs264941",1.836e-13
"65",2,105454590,"T",-0.0161,0.0019,5.047e-18,"rs10197031",5.047e-18
"66",2,133523605,"A",0.0146,0.0022,3.395e-11,"rs13033310",3.395e-11
"67",2,136608646,"A",0.0124,0.0017,7.094e-13,"rs4988235",7.094e-13
"68",2,144037998,"A",-0.0129,0.002,7.239e-11,"rs17814208",7.239e-11
"69",2,145627927,"A",0.0155,0.0026,4.445e-09,"rs6430068",4.445e-09
"70",2,147901207,"A",-0.0169,0.0019,1.426e-18,"rs1451077",1.426e-18
"71",2,157606799,"A",0.0119,0.0019,8.632e-10,"rs62176993",8.632e-10
"72",2,159519368,"A",-0.013,0.0024,3.841e-08,"rs3764835",3.841e-08
"73",2,161265910,"T",0.012,0.0017,1.032e-12,"rs12692596",1.032e-12
"74",2,166190881,"A",0.0148,0.0022,2.411e-11,"rs62176243",2.411e-11
"75",2,172818467,"T",-0.0131,0.0024,4.305e-08,"rs56133507",4.305e-08
"76",2,175166636,"A",-0.0145,0.002,2.011e-13,"rs34234296",2.011e-13
"77",2,180903586,"T",0.0096,0.0017,3.185e-08,"rs262255",3.185e-08
"78",2,181575281,"A",-0.0165,0.0017,2.321e-22,"rs7588437",2.321e-22
"79",2,198944271,"A",0.0127,0.0019,2.33e-11,"rs6716898",2.33e-11
"80",2,203931012,"A",-0.0115,0.0016,9.671e-13,"rs7593917",9.671e-13
"81",2,205375909,"A",-0.031,0.0031,4.848e-23,"rs4482463",4.848e-23
"82",2,208263279,"T",0.0147,0.0019,1.685e-14,"rs11692326",1.685e-14
"83",2,212299249,"A",-0.0131,0.0021,1.839e-10,"rs73985439",1.839e-10
"84",2,213413231,"A",-0.0182,0.0018,1.521e-23,"rs7599312",1.521e-23
"85",2,220205146,"T",0.0187,0.0024,2.297e-15,"rs6725931",2.297e-15
"86",2,229002620,"A",-0.0148,0.0018,1.252e-16,"rs4973618",1.252e-16
"87",2,230663576,"T",0.0154,0.0018,1.824e-17,"rs6720868",1.824e-17
"88",2,236854450,"A",-0.0116,0.0019,9.052e-10,"rs9808302",9.052e-10
"89",3,9507314,"A",0.0217,0.0032,9.124e-12,"rs59302296",9.124e-12
"90",3,11672805,"A",0.0099,0.0017,6.22e-09,"rs6783054",6.22e-09
"91",3,12426936,"T",-0.0168,0.0023,2.233e-13,"rs10510419",2.233e-13
"92",3,12928762,"T",-0.0116,0.0018,1.423e-10,"rs2600226",1.423e-10
"93",3,13358171,"T",-0.0094,0.0017,2.944e-08,"rs1048637",2.944e-08
"94",3,20441050,"T",0.0133,0.0019,2.444e-12,"rs4858193",2.444e-12
"95",3,25106437,"A",-0.0141,0.0016,7.57e-18,"rs6804842",7.57e-18
"96",3,35117776,"T",-0.0189,0.0027,5.382e-12,"rs11921432",5.382e-12
"97",3,42306294,"A",-0.0224,0.0026,1.124e-17,"rs1799923",1.124e-17
"98",3,42418446,"A",0.0172,0.0022,1.074e-14,"rs28350",1.074e-14
"99",3,44028764,"T",-0.0118,0.0017,2.911e-12,"rs4017425",2.911e-12
"100",3,48085349,"A",0.0117,0.002,7.297e-09,"rs11919665",7.297e-09
"101",3,49924424,"A",0.0246,0.0017,3.02e-48,"rs11713193",3.02e-48
"102",3,61236462,"T",-0.0168,0.0016,6.494e-25,"rs2365389",6.494e-25
"103",3,62112198,"T",0.0131,0.0023,2.477e-08,"rs6445258",2.477e-08
"104",3,62713143,"C",-0.013,0.0017,4.328e-14,"rs925018",4.328e-14
"105",3,69941473,"A",0.0113,0.002,3.208e-08,"rs62253188",3.208e-08
"106",3,70539559,"A",-0.0154,0.0021,2.288e-13,"rs11915371",2.288e-13
"107",3,82719412,"T",0.0128,0.0018,6.96e-13,"rs12636480",6.96e-13
"108",3,84221774,"T",0.0182,0.0023,3.39e-15,"rs9827823",3.39e-15
"109",3,85861064,"T",-0.0228,0.002,3.966e-30,"rs9818122",3.966e-30
"110",3,86192846,"T",-0.0115,0.0019,2.143e-09,"rs34184235",2.143e-09
"111",3,88139016,"A",-0.0181,0.0024,1.634e-14,"rs11128021",1.634e-14
"112",3,94071481,"T",-0.0171,0.0017,1.442e-23,"rs1492014",1.442e-23
"113",3,104606144,"C",0.0147,0.0017,1.07e-17,"rs1436344",1.07e-17
"114",3,107820063,"T",-0.0135,0.0018,1.226e-14,"rs7640424",1.226e-14
"115",3,114399296,"A",-0.0225,0.0031,7.37e-13,"rs17681451",7.37e-13
"116",3,116853585,"A",0.0118,0.002,1.574e-09,"rs1011613",1.574e-09
"117",3,131751628,"A",0.0215,0.0018,3.329e-32,"rs7631156",3.329e-32
"118",3,135932359,"T",0.0188,0.0019,4.317e-22,"rs687339",4.317e-22
"119",3,141275436,"T",0.0352,0.0034,4.869e-25,"rs16851483",4.869e-25
"120",3,154034950,"C",0.0151,0.0017,2.129e-18,"rs355777",2.129e-18
"121",3,156295341,"A",0.0155,0.0024,6.614e-11,"rs9826775",6.614e-11
"122",3,157033438,"A",-0.0133,0.002,7.947e-12,"rs2047648",7.947e-12
"123",3,171113714,"A",0.0099,0.0017,4.102e-09,"rs12635553",4.102e-09
"124",3,173095123,"A",-0.0163,0.0017,1.745e-21,"rs39654",1.745e-21
"125",3,181329682,"T",-0.0152,0.0021,7.252e-13,"rs6443750",7.252e-13
"126",3,183997735,"A",0.0124,0.002,6.502e-10,"rs865809",6.502e-10
"127",3,185834499,"A",-0.0315,0.0021,1.447e-50,"rs9816226",1.447e-50
"128",3,194881756,"A",-0.0157,0.0024,4.331e-11,"rs7616009",4.331e-11
"129",3,196205694,"T",0.0107,0.0019,2.705e-08,"rs6803161",2.705e-08
"130",4,3298800,"T",-0.0167,0.0025,3.775e-11,"rs2051559",3.775e-11
"131",4,16601492,"C",-0.0109,0.0019,1.709e-08,"rs12642970",1.709e-08
"132",4,18459828,"T",0.013,0.0018,1.055e-12,"rs994596",1.055e-12
"133",4,25408838,"A",-0.0293,0.0023,8.504e-38,"rs34811474",8.504e-38
"134",4,28489339,"A",0.0208,0.0027,2.043e-14,"rs73213484",2.043e-14
"135",4,31003636,"T",-0.0119,0.0017,1.135e-11,"rs4261944",1.135e-11
"136",4,38680015,"A",0.0148,0.0018,1.054e-16,"rs13132853",1.054e-16
"137",4,45182527,"A",-0.0322,0.0016,2.42e-86,"rs10938397",2.42e-86
"138",4,52752812,"A",-0.0115,0.0018,3.031e-10,"rs2271046",3.031e-10
"139",4,55221467,"T",0.0095,0.0016,3.546e-09,"rs1492767",3.546e-09
"140",4,55505360,"A",0.0137,0.0017,7.417e-16,"rs2192158",7.417e-16
"141",4,65651730,"A",-0.0126,0.0017,3.183e-13,"rs1346841",3.183e-13
"142",4,67815504,"A",0.0125,0.0021,1.257e-09,"rs10002111",1.257e-09
"143",4,77028783,"A",0.014,0.0021,1.073e-11,"rs10033843",1.073e-11
"144",4,80609966,"T",-0.0167,0.0028,3.203e-09,"rs72649373",3.203e-09
"145",4,89054667,"A",0.0192,0.0026,1.339e-13,"rs4148155",1.339e-13
"146",4,94440026,"A",0.0121,0.002,1.704e-09,"rs4286488",1.704e-09
"147",4,95027784,"T",-0.0101,0.0017,2.341e-09,"rs7685048",2.341e-09
"148",4,96091524,"A",-0.0106,0.0016,8.566e-11,"rs2241743",8.566e-11
"149",4,103188709,"T",0.0468,0.0032,3.805e-47,"rs13107325",3.805e-47
"150",4,112691776,"T",0.0121,0.0017,1.893e-12,"rs326893",1.893e-12
"151",4,120322177,"A",0.0116,0.0019,4.725e-10,"rs7696649",4.725e-10
"152",4,130731284,"T",0.0137,0.0017,4.298e-16,"rs4864201",4.298e-16
"153",4,137083193,"A",0.0166,0.0017,3.486e-22,"rs1296328",3.486e-22
"154",4,140782542,"T",-0.0122,0.0018,1.969e-11,"rs17367750",1.969e-11
"155",4,147438019,"T",0.0165,0.0023,6.914e-13,"rs3914628",6.914e-13
"156",4,152931436,"T",0.0113,0.0018,2.496e-10,"rs750090",2.496e-10
"157",4,162129844,"A",-0.0124,0.0016,3.956e-14,"rs13110266",3.956e-14
"158",4,165310133,"A",0.0101,0.0017,6.145e-09,"rs7685628",6.145e-09
"159",4,171632637,"T",0.0141,0.0022,1.599e-10,"rs1522569",1.599e-10
"160",4,173597016,"A",-0.0106,0.0017,8.494e-10,"rs1437842",8.494e-10
"161",4,180187034,"A",0.0113,0.0019,3.657e-09,"rs6850421",3.657e-09
"162",4,187743245,"A",0.0159,0.0028,1.502e-08,"rs35408866",1.502e-08
"163",5,3513485,"A",0.0116,0.0017,9.672e-12,"rs698147",9.672e-12
"164",5,27193573,"A",-0.0119,0.0019,3.287e-10,"rs6890310",3.287e-10
"165",5,43191033,"T",0.0139,0.0018,1.461e-14,"rs7730004",1.461e-14
"166",5,50723410,"A",0.0321,0.0052,7.047e-10,"rs116374395",7.047e-10
"167",5,50935903,"A",-0.0275,0.0049,1.54e-08,"rs150215901",1.54e-08
"168",5,53272664,"A",-0.0096,0.0018,4.211e-08,"rs4865796",4.211e-08
"169",5,60752953,"A",-0.0102,0.0017,3.959e-09,"rs6881799",3.959e-09
"170",5,63026280,"T",-0.0155,0.0017,4.324e-20,"rs4700608",4.324e-20
"171",5,63927239,"T",-0.013,0.002,1.198e-10,"rs10050620",1.198e-10
"172",5,63977815,"A",0.0135,0.0017,5.543e-15,"rs1159692",5.543e-15
"173",5,75015242,"T",0.0276,0.0017,1.173e-61,"rs2112347",1.173e-61
"174",5,80861777,"C",-0.0149,0.0018,1.877e-16,"rs13182474",1.877e-16
"175",5,86879056,"T",0.0396,0.0059,1.777e-11,"rs2962334",1.777e-11
"176",5,87963600,"A",0.0289,0.0025,2.725e-31,"rs1501673",2.725e-31
"177",5,92415111,"T",-0.0119,0.0018,1.444e-11,"rs2009416",1.444e-11
"178",5,95716722,"A",-0.0166,0.0018,1.959e-20,"rs7713317",1.959e-20
"179",5,95864693,"T",-0.0131,0.0017,4.387e-14,"rs6882366",4.387e-14
"180",5,105876806,"T",0.0116,0.0018,4.006e-11,"rs11739877",4.006e-11
"181",5,106910657,"T",-0.0127,0.0023,3.583e-08,"rs6888194",3.583e-08
"182",5,107439012,"A",-0.0252,0.0023,9.728e-29,"rs40067",9.728e-29
"183",5,112445734,"A",-0.0106,0.0017,5.999e-10,"rs10478110",5.999e-10
"184",5,119372533,"C",0.0112,0.0016,5.257e-12,"rs6595205",5.257e-12
"185",5,122791137,"T",0.0098,0.0017,1.144e-08,"rs4572998",1.144e-08
"186",5,124332103,"A",0.0132,0.0018,5.615e-14,"rs4836133",5.615e-14
"187",5,136598460,"T",-0.01,0.0017,4.125e-09,"rs6886072",4.125e-09
"188",5,139080745,"A",-0.0197,0.0023,1.939e-17,"rs13174863",1.939e-17
"189",5,144608340,"A",-0.0125,0.0019,4.427e-11,"rs17405603",4.427e-11
"190",5,152529936,"T",-0.0132,0.0021,5.688e-10,"rs2910026",5.688e-10
"191",5,153537893,"T",-0.0158,0.0016,3.978e-22,"rs7715256",3.978e-22
"192",5,158460212,"A",-0.0101,0.0016,6.084e-10,"rs7734385",6.084e-10
"193",5,159984492,"T",-0.0129,0.0024,4.033e-08,"rs4921301",4.033e-08
"194",5,164557954,"A",0.0105,0.0017,1.549e-09,"rs2861089",1.549e-09
"195",5,165185571,"T",0.0093,0.0017,4.272e-08,"rs7727781",4.272e-08
"196",5,170599327,"A",0.017,0.0018,2.591e-20,"rs2053682",2.591e-20
"197",5,176527577,"T",-0.0113,0.0017,8.137e-11,"rs6556301",8.137e-11
"198",6,12124855,"A",-0.0144,0.0017,5.498e-17,"rs2228213",5.498e-17
"199",6,13180454,"T",0.0133,0.0019,6.916e-13,"rs11757278",6.916e-13
"200",6,20482335,"A",-0.012,0.0018,1.459e-11,"rs3806114",1.459e-11
"201",6,23446691,"A",0.0109,0.0019,1.131e-08,"rs767943",1.131e-08
"202",6,26168903,"A",0.0142,0.002,2.285e-12,"rs2066295",2.285e-12
"203",6,31643399,"T",-0.0179,0.0019,5.924e-21,"rs3115667",5.924e-21
"204",6,33771673,"A",-0.0154,0.002,2.088e-14,"rs2281819",2.088e-14
"205",6,34579431,"T",0.0261,0.0017,1.275e-51,"rs2744974",1.275e-51
"206",6,40365601,"A",0.0189,0.0017,1.969e-29,"rs2436728",1.969e-29
"207",6,43764551,"T",-0.0129,0.0017,5.151e-15,"rs1358980",5.151e-15
"208",6,46398004,"C",-0.013,0.0017,1.998e-14,"rs1554790",1.998e-14
"209",6,50798526,"T",0.0408,0.0021,1.822e-83,"rs2206277",1.822e-83
"210",6,51177811,"A",0.0157,0.0017,1.465e-19,"rs1327259",1.465e-19
"211",6,54028069,"T",0.0099,0.0017,8.71e-09,"rs6915002",8.71e-09
"212",6,55171842,"A",0.0105,0.0019,2.584e-08,"rs9370410",2.584e-08
"213",6,64240516,"T",-0.0107,0.0017,3.23e-10,"rs2622274",3.23e-10
"214",6,70248345,"T",0.0129,0.0022,5.726e-09,"rs1293037",5.726e-09
"215",6,73742334,"T",0.0104,0.0018,1.374e-08,"rs6921533",1.374e-08
"216",6,83433228,"A",0.014,0.0016,8.161e-18,"rs9294260",8.161e-18
"217",6,97753952,"T",-0.0149,0.0018,2.782e-16,"rs6909685",2.782e-16
"218",6,98429337,"T",-0.0165,0.0017,2.073e-21,"rs9320823",2.073e-21
"219",6,100629078,"T",-0.0142,0.0023,5.63e-10,"rs57989773",5.63e-10
"220",6,104847441,"C",0.0124,0.0019,1.646e-10,"rs156201",1.646e-10
"221",6,108876002,"A",0.0161,0.0016,1.127e-22,"rs768023",1.127e-22
"222",6,120213880,"A",0.0143,0.0017,2.106e-16,"rs2357760",2.106e-16
"223",6,124925032,"C",0.0129,0.002,1.066e-10,"rs2875762",1.066e-10
"224",6,126042783,"A",-0.01,0.0016,7.119e-10,"rs1268065",7.119e-10
"225",6,130384187,"T",-0.0106,0.0018,5.522e-09,"rs9375702",5.522e-09
"226",6,131898208,"T",-0.0161,0.0022,1.154e-13,"rs2246012",1.154e-13
"227",6,142703483,"A",-0.013,0.0022,1.851e-09,"rs6922607",1.851e-09
"228",6,143185683,"T",-0.0132,0.0017,1.077e-14,"rs765875",1.077e-14
"229",6,147354276,"A",-0.0102,0.0018,6.248e-09,"rs7760482",6.248e-09
"230",6,153392002,"A",0.015,0.0019,5.544e-16,"rs12527426",5.544e-16
"231",6,154333183,"T",-0.0157,0.0023,8.169e-12,"rs9478496",8.169e-12
"232",6,163033350,"A",0.0235,0.0025,4.079e-21,"rs13191362",4.079e-21
"233",6,163771305,"T",-0.0112,0.002,2.328e-08,"rs9458814",2.328e-08
"234",7,1270699,"A",0.0135,0.0022,1.588e-09,"rs6950388",1.588e-09
"235",7,1872921,"T",0.0167,0.0023,5.596e-13,"rs4721089",5.596e-13
"236",7,5542513,"T",0.0167,0.0026,2.504e-10,"rs6463489",2.504e-10
"237",7,24354300,"A",-0.0115,0.0017,1.473e-11,"rs4307239",1.473e-11
"238",7,26941065,"T",-0.0153,0.0024,2.492e-10,"rs213518",2.492e-10
"239",7,32378979,"A",-0.0149,0.0017,8.938e-18,"rs215669",8.938e-18
"240",7,39481056,"A",0.0107,0.0019,2.279e-08,"rs2108719",2.279e-08
"241",7,44553496,"T",-0.0115,0.0021,3.002e-08,"rs217433",3.002e-08
"242",7,44804225,"T",-0.0137,0.0018,7.019e-15,"rs2289379",7.019e-15
"243",7,50614173,"A",0.013,0.0016,1.285e-15,"rs10499694",1.285e-15
"244",7,70048785,"T",0.0107,0.0019,2.188e-08,"rs254927",2.188e-08
"245",7,71603692,"T",0.0145,0.0022,3.689e-11,"rs11772246",3.689e-11
"246",7,75101065,"T",-0.022,0.0017,1.576e-36,"rs17207196",1.576e-36
"247",7,76634463,"T",0.0238,0.0023,2.993e-25,"rs17149254",2.993e-25
"248",7,77825707,"A",0.0161,0.0022,7.659e-14,"rs1965529",7.659e-14
"249",7,86265855,"A",-0.0102,0.0018,1.357e-08,"rs274628",1.357e-08
"250",7,93085722,"A",0.0132,0.0017,8.055e-15,"rs2283006",8.055e-15
"251",7,99064466,"A",0.018,0.0022,7.904e-16,"rs13240600",7.904e-16
"252",7,109214139,"T",-0.01,0.0017,3.793e-09,"rs1721447",3.793e-09
"253",7,113028634,"A",-0.0176,0.0017,2.805e-24,"rs2396625",2.805e-24
"254",7,113362799,"A",0.015,0.0017,1.121e-18,"rs13245051",1.121e-18
"255",7,114337652,"T",0.0113,0.0017,4.533e-11,"rs10261050",4.533e-11
"256",7,126721231,"T",0.0121,0.0021,1.095e-08,"rs2283093",1.095e-08
"257",7,137435925,"T",-0.0124,0.0019,6.233e-11,"rs7802342",6.233e-11
"258",7,138817193,"T",0.0232,0.0032,2.977e-13,"rs11525873",2.977e-13
"259",7,147668180,"T",-0.0105,0.0018,6.389e-09,"rs11773362",6.389e-09
"260",7,150638484,"A",-0.0145,0.0019,1.945e-14,"rs2907948",1.945e-14
"261",7,158016764,"A",-0.0128,0.0022,8.9e-09,"rs56211164",8.9e-09
"262",8,4121727,"C",0.0094,0.0017,3.377e-08,"rs1700082",3.377e-08
"263",8,10787612,"T",0.0175,0.0016,1.584e-26,"rs4240673",1.584e-26
"264",8,14095900,"A",-0.0145,0.0018,4.867e-16,"rs13263601",4.867e-16
"265",8,15393380,"T",-0.0156,0.0028,2.198e-08,"rs10110189",2.198e-08
"266",8,20634888,"T",0.012,0.0018,5.607e-11,"rs10101364",5.607e-11
"267",8,21088909,"A",-0.0156,0.0028,2.326e-08,"rs73225274",2.326e-08
"268",8,25664336,"A",0.011,0.0019,1.02e-08,"rs13249650",1.02e-08
"269",8,30865733,"A",0.0135,0.0017,3.111e-15,"rs1421334",3.111e-15
"270",8,32412304,"T",-0.0121,0.0018,8.004e-12,"rs2466103",8.004e-12
"271",8,34380276,"A",-0.0113,0.0017,7.708e-11,"rs6468266",7.708e-11
"272",8,62054463,"A",0.015,0.0021,2.883e-12,"rs12681792",2.883e-12
"273",8,67194171,"A",-0.0144,0.0021,2.173e-11,"rs12334877",2.173e-11
"274",8,73435964,"A",-0.0202,0.002,2.191e-23,"rs1808629",2.191e-23
"275",8,76806584,"T",0.0211,0.0018,6.04e-33,"rs17405819",6.04e-33
"276",8,85089437,"A",-0.0137,0.0019,1.492e-12,"rs2196618",1.492e-12
"277",8,89413557,"A",-0.0107,0.0018,4.739e-09,"rs1504804",4.739e-09
"278",8,93187044,"A",0.0132,0.0024,2.35e-08,"rs56862898",2.35e-08
"279",8,95582606,"A",0.0142,0.0017,3.411e-16,"rs12680842",3.411e-16
"280",8,106430676,"A",0.0122,0.0021,4.92e-09,"rs1383592",4.92e-09
"281",8,116670347,"T",-0.0182,0.0019,8.726e-22,"rs3808477",8.726e-22
"282",8,118884379,"A",-0.0223,0.0031,4.106e-13,"rs72673947",4.106e-13
"283",8,124152245,"T",0.0098,0.0018,3.055e-08,"rs6470144",3.055e-08
"284",8,132838921,"T",-0.0178,0.0031,1.548e-08,"rs7842934",1.548e-08
"285",8,138213836,"T",-0.0247,0.004,4.305e-10,"rs16906838",4.305e-10
"286",8,142617096,"T",0.0124,0.0018,4.238e-12,"rs11782074",4.238e-12
"287",8,143383694,"A",-0.0119,0.0017,3.218e-12,"rs10099330",3.218e-12
"288",9,2198033,"A",-0.0113,0.002,2.744e-08,"rs10757259",2.744e-08
"289",9,6954557,"C",0.0114,0.0018,2.065e-10,"rs10975933",2.065e-10
"290",9,11852043,"T",0.0136,0.0018,1.134e-14,"rs1948080",1.134e-14
"291",9,14670949,"T",0.0104,0.0018,1.513e-08,"rs10961649",1.513e-08
"292",9,15634326,"T",0.0189,0.0016,3.147e-31,"rs4740619",3.147e-31
"293",9,16720329,"C",0.0186,0.0022,5.675e-17,"rs10962550",5.675e-17
"294",9,23199959,"A",-0.01,0.0018,3.177e-08,"rs10811868",3.177e-08
"295",9,27800007,"A",0.0113,0.0017,3.302e-11,"rs10968114",3.302e-11
"296",9,28410996,"C",0.0237,0.0017,2.277e-42,"rs1412235",2.277e-42
"297",9,29734909,"A",-0.0102,0.0017,2.072e-09,"rs7030297",2.072e-09
"298",9,37200103,"A",-0.0149,0.0017,1.525e-17,"rs6476617",1.525e-17
"299",9,73837155,"T",-0.0117,0.0017,5.869e-12,"rs2134858",5.869e-12
"300",9,80799579,"T",0.0095,0.0017,3.678e-08,"rs7861160",3.678e-08
"301",9,81371441,"T",-0.0107,0.0017,2.899e-10,"rs1999433",2.899e-10
"302",9,84186734,"A",0.0119,0.0019,6.377e-10,"rs2777768",6.377e-10
"303",9,92207308,"A",-0.012,0.0017,1.814e-12,"rs7357754",1.814e-12
"304",9,96461013,"A",0.0162,0.0019,3.195e-17,"rs10992867",3.195e-17
"305",9,103088321,"C",-0.0162,0.0018,1.47e-19,"rs7025938",1.47e-19
"306",9,109072075,"T",0.0135,0.002,4.708e-12,"rs7024334",4.708e-12
"307",9,120378483,"T",0.0134,0.0016,2.225e-16,"rs1928295",2.225e-16
"308",9,120664469,"T",-0.0109,0.0017,2.505e-10,"rs1877875",2.505e-10
"309",9,126112104,"T",0.0115,0.002,1.425e-08,"rs13298487",1.425e-08
"310",9,129460914,"A",0.0148,0.0016,1.755e-19,"rs10733682",1.755e-19
"311",9,131015279,"A",-0.013,0.0018,2.013e-13,"rs2267958",2.013e-13
"312",9,133783566,"A",0.0131,0.0018,7.028e-14,"rs4740383",7.028e-14
"313",9,137989785,"C",-0.0148,0.0025,4.914e-09,"rs10858334",4.914e-09
"314",10,10268989,"A",-0.0177,0.0031,7.355e-09,"rs7907470",7.355e-09
"315",10,16750129,"T",0.0125,0.0018,5.832e-12,"rs7893571",5.832e-12
"316",10,21099584,"A",-0.0376,0.0065,8.148e-09,"rs76638898",8.148e-09
"317",10,21821274,"A",0.0198,0.0018,4.505e-27,"rs7084454",4.505e-27
"318",10,27318370,"T",0.0151,0.0024,2.365e-10,"rs10829164",2.365e-10
"319",10,33860515,"T",0.0107,0.0017,4.323e-10,"rs4097319",4.323e-10
"320",10,34013507,"T",0.0226,0.0031,1.96e-13,"rs12765914",1.96e-13
"321",10,34834482,"C",0.01,0.0017,6.505e-09,"rs1624134",6.505e-09
"322",10,53680099,"A",0.0109,0.0017,1.478e-10,"rs12259464",1.478e-10
"323",10,61842645,"T",-0.0126,0.0021,7.143e-10,"rs7070670",7.143e-10
"324",10,65318766,"T",-0.0133,0.0016,3.467e-16,"rs10761785",3.467e-16
"325",10,76047464,"T",0.0184,0.0026,9.868e-13,"rs12098284",9.868e-13
"326",10,76729632,"T",0.0122,0.0022,3.595e-08,"rs3213967",3.595e-08
"327",10,78756815,"T",0.0105,0.0018,5.816e-09,"rs12243061",5.816e-09
"328",10,87410904,"A",-0.0327,0.0037,1.719e-18,"rs7899106",1.719e-18
"329",10,88110925,"C",0.0132,0.0017,5.507e-15,"rs10788494",5.507e-15
"330",10,93061851,"T",0.0134,0.0023,3.422e-09,"rs147568678",3.422e-09
"331",10,99778226,"A",-0.0165,0.0017,6.513e-22,"rs2439823",6.513e-22
"332",10,102395440,"T",-0.0173,0.002,4.043e-18,"rs17094222",4.043e-18
"333",10,104392580,"T",-0.0109,0.0019,2.158e-08,"rs11594179",2.158e-08
"334",10,104952499,"T",0.0244,0.0035,2.632e-12,"rs79780963",2.632e-12
"335",10,114758349,"T",-0.0178,0.0018,1.665e-23,"rs7903146",1.665e-23
"336",10,118643670,"A",-0.0139,0.002,1.631e-12,"rs2257791",1.631e-12
"337",10,125220036,"A",0.0136,0.0019,3.219e-12,"rs845084",3.219e-12
"338",10,126594078,"T",-0.0154,0.0018,3.87e-17,"rs17636031",3.87e-17
"339",10,133992689,"T",-0.013,0.0017,3.059e-14,"rs4880341",3.059e-14
"340",11,371265,"A",-0.0167,0.003,2.034e-08,"rs11246136",2.034e-08
"341",11,891338,"A",-0.0141,0.0019,3.993e-13,"rs12421848",3.993e-13
"342",11,8673939,"C",-0.0187,0.0017,8.633e-29,"rs4256980",8.633e-29
"343",11,13294268,"T",0.0148,0.0017,1.526e-18,"rs900144",1.526e-18
"344",11,17411821,"T",0.0105,0.0017,1.369e-09,"rs2074314",1.369e-09
"345",11,27679916,"T",-0.0413,0.0021,7.399e-89,"rs6265",7.399e-89
"346",11,28739318,"A",-0.0121,0.0018,4.33e-11,"rs570463",4.33e-11
"347",11,29243293,"T",0.011,0.0017,1.673e-10,"rs11030618",1.673e-10
"348",11,30422068,"T",0.0139,0.0018,6.073e-15,"rs2065418",6.073e-15
"349",11,43653833,"T",-0.0216,0.0017,3.604e-35,"rs2862996",3.604e-35
"350",11,45438374,"T",-0.0123,0.0017,1.203e-13,"rs10742752",1.203e-13
"351",11,46174948,"T",0.0518,0.0075,5.277e-12,"rs118081010",5.277e-12
"352",11,47529947,"A",0.0257,0.0016,3.956e-55,"rs7124681",3.956e-55
"353",11,56914157,"A",-0.0124,0.0021,3.583e-09,"rs6591407",3.583e-09
"354",11,64026144,"A",0.0103,0.0017,2.184e-09,"rs2244625",2.184e-09
"355",11,65594820,"T",-0.0168,0.0018,3.839e-21,"rs7102454",3.839e-21
"356",11,69445173,"T",-0.0137,0.0017,1.525e-16,"rs592483",1.525e-16
"357",11,76476030,"A",-0.0157,0.0023,1.434e-11,"rs12282785",1.434e-11
"358",11,78018313,"T",0.0122,0.0022,3.563e-08,"rs10899469",3.563e-08
"359",11,84814393,"A",-0.013,0.0017,3.501e-14,"rs349088",3.501e-14
"360",11,89917699,"A",0.0108,0.0017,3.963e-10,"rs647248",3.963e-10
"361",11,92476178,"T",-0.0128,0.0024,4.905e-08,"rs3019466",4.905e-08
"362",11,93221105,"A",-0.0103,0.0016,2.041e-10,"rs2605603",2.041e-10
"363",11,103019633,"A",-0.0154,0.0026,3.066e-09,"rs2513999",3.066e-09
"364",11,115022404,"A",-0.0177,0.0016,1.925e-27,"rs12286929",1.925e-27
"365",11,116973247,"A",0.0263,0.0041,9.078e-11,"rs76942203",9.078e-11
"366",11,118944675,"T",0.014,0.0017,6.149e-16,"rs3825061",6.149e-16
"367",11,121922587,"A",-0.014,0.002,6.788e-13,"rs11218510",6.788e-13
"368",11,122545146,"T",0.0125,0.002,2.607e-10,"rs35483388",2.607e-10
"369",11,130795698,"T",-0.0144,0.0017,3.61e-17,"rs7944782",3.61e-17
"370",11,132639606,"A",-0.013,0.0017,1.964e-14,"rs2007518",1.964e-14
"371",11,133125329,"A",0.0108,0.0019,1.585e-08,"rs1941213",1.585e-08
"372",11,133767622,"T",0.016,0.0021,2.13e-14,"rs329651",2.13e-14
"373",11,134601012,"T",-0.0187,0.0022,2.18e-17,"rs12364470",2.18e-17
"374",12,939480,"T",0.0223,0.002,2.037e-28,"rs11611246",2.037e-28
"375",12,2156207,"T",-0.0098,0.0017,1.268e-08,"rs765125",1.268e-08
"376",12,17141582,"T",-0.01,0.0016,6.209e-10,"rs10772983",6.209e-10
"377",12,19287416,"A",0.0161,0.0023,3.765e-12,"rs11044430",3.765e-12
"378",12,23705969,"T",0.0176,0.0032,3.717e-08,"rs11046972",3.717e-08
"379",12,24060075,"C",0.0195,0.0025,1.211e-14,"rs10842240",1.211e-14
"380",12,39430048,"A",0.013,0.0019,1.124e-11,"rs11170468",1.124e-11
"381",12,41819215,"T",-0.0125,0.0017,2.075e-13,"rs1350430",2.075e-13
"382",12,49399132,"C",0.0341,0.0053,1.004e-10,"rs1126930",1.004e-10
"383",12,50247468,"A",0.0297,0.0017,3.095e-71,"rs7138803",3.095e-71
"384",12,56494991,"A",-0.0141,0.0018,9.264e-16,"rs2271189",9.264e-16
"385",12,60966740,"T",-0.015,0.0024,5.541e-10,"rs4267103",5.541e-10
"386",12,69674595,"T",-0.0137,0.0019,6.425e-13,"rs650198",6.425e-13
"387",12,82465797,"T",0.0131,0.0019,6.793e-12,"rs11115176",6.793e-12
"388",12,89757937,"A",-0.0142,0.0017,4.686e-17,"rs10506971",4.686e-17
"389",12,97584357,"T",0.0146,0.0024,2.47e-09,"rs55966114",2.47e-09
"390",12,99589589,"A",-0.0144,0.002,1.539e-13,"rs2712666",1.539e-13
"391",12,103706754,"C",0.0194,0.0019,1.135e-23,"rs6539064",1.135e-23
"392",12,110092088,"A",0.0108,0.002,3.625e-08,"rs10161401",3.625e-08
"393",12,110783241,"A",0.0159,0.0019,1.706e-16,"rs1860561",1.706e-16
"394",12,112610714,"A",-0.0114,0.0016,3.053e-12,"rs11066188",3.053e-12
"395",12,116957607,"T",-0.0093,0.0017,4.894e-08,"rs2707183",4.894e-08
"396",12,121714935,"T",0.0117,0.002,3.036e-09,"rs11615578",3.036e-09
"397",12,122963550,"T",-0.034,0.0031,2.324e-28,"rs12369179",2.324e-28
"398",12,123424071,"A",-0.0107,0.0019,3.098e-08,"rs11060853",3.098e-08
"399",12,133426483,"T",-0.0117,0.0018,1.87e-10,"rs11614340",1.87e-10
"400",13,27933910,"A",0.0095,0.0017,4.113e-08,"rs9512648",4.113e-08
"401",13,28009031,"C",-0.0166,0.0019,2.179e-18,"rs7323",2.179e-18
"402",13,28624294,"A",-0.0143,0.0017,2.359e-16,"rs1933437",2.359e-16
"403",13,33184288,"T",0.0154,0.0017,3.734e-20,"rs9595908",3.734e-20
"404",13,40783323,"T",0.0134,0.0018,1.689e-13,"rs9603697",1.689e-13
"405",13,54102206,"A",0.0313,0.0024,1.419e-37,"rs12429545",1.419e-37
"406",13,54385284,"T",0.014,0.0021,1.88e-11,"rs962796",1.88e-11
"407",13,58484786,"T",-0.0201,0.0021,3.43e-21,"rs9569777",3.43e-21
"408",13,59367767,"T",-0.0158,0.0023,3.693e-12,"rs9527895",3.693e-12
"409",13,65477940,"A",-0.0125,0.002,4.363e-10,"rs8181823",4.363e-10
"410",13,67434016,"T",0.0098,0.0016,2.324e-09,"rs9599161",2.324e-09
"411",13,79580919,"A",0.0174,0.0017,7.603e-25,"rs1441264",7.603e-25
"412",13,85983968,"C",-0.0111,0.0018,4.111e-10,"rs9531786",4.111e-10
"413",13,86494817,"A",-0.017,0.0021,1.44e-15,"rs77432547",1.44e-15
"414",13,96922191,"T",-0.014,0.0016,1.571e-17,"rs1927790",1.571e-17
"415",13,99120484,"T",0.0139,0.0019,1.452e-13,"rs7334078",1.452e-13
"416",13,108013654,"A",-0.0121,0.0022,4.863e-08,"rs9559022",4.863e-08
"417",13,111977280,"T",-0.0135,0.0019,2.1e-12,"rs9522183",2.1e-12
"418",13,112218924,"A",0.0138,0.0017,1.401e-15,"rs12868881",1.401e-15
"419",14,25928179,"A",-0.0214,0.0018,2.283e-33,"rs10132280",2.283e-33
"420",14,29680331,"A",0.0202,0.002,7.894e-24,"rs4981693",7.894e-24
"421",14,30480123,"T",0.0113,0.0018,8.564e-10,"rs225882",8.564e-10
"422",14,40886886,"C",-0.0146,0.0021,4.225e-12,"rs1958898",4.225e-12
"423",14,47302219,"T",0.015,0.0017,1.001e-18,"rs4900714",1.001e-18
"424",14,62360075,"T",-0.0172,0.0021,6.271e-16,"rs217669",6.271e-16
"425",14,63094407,"T",0.0124,0.0021,5.003e-09,"rs4430672",5.003e-09
"426",14,69789755,"T",-0.0134,0.0019,2.883e-12,"rs3902951",2.883e-12
"427",14,73348130,"A",-0.011,0.0017,1.46e-10,"rs17182027",1.46e-10
"428",14,79940383,"T",0.0263,0.002,2.374e-40,"rs7144011",2.374e-40
"429",14,88308044,"A",-0.0133,0.002,1.764e-11,"rs12888545",1.764e-11
"430",14,91512339,"T",-0.0148,0.0019,6.048e-15,"rs1951455",6.048e-15
"431",14,94031914,"A",-0.0202,0.002,2.356e-24,"rs942066",2.356e-24
"432",14,101144596,"T",0.0187,0.0027,4.973e-12,"rs12147845",4.973e-12
"433",14,101529005,"A",0.019,0.0019,2.23e-24,"rs7161194",2.23e-24
"434",14,103249127,"C",-0.0176,0.0018,8.106e-23,"rs4906263",8.106e-23
"435",14,104160141,"T",-0.0121,0.0018,3.69e-11,"rs2273175",3.69e-11
"436",15,27034988,"C",0.0102,0.0017,1.312e-09,"rs12594043",1.312e-09
"437",15,31877690,"A",-0.0114,0.0017,1.813e-11,"rs7172627",1.813e-11
"438",15,36391965,"T",0.0104,0.0017,8.853e-10,"rs11636611",8.853e-10
"439",15,46500612,"A",-0.0119,0.0017,8.137e-13,"rs9944219",8.137e-13
"440",15,47103953,"T",-0.01,0.0018,3.44e-08,"rs12912198",3.44e-08
"441",15,51754451,"T",0.0137,0.0016,4.838e-17,"rs6493498",4.838e-17
"442",15,53072673,"A",0.0144,0.0024,3.431e-09,"rs10518694",3.431e-09
"443",15,59103963,"C",0.0145,0.0023,3.675e-10,"rs12439632",3.675e-10
"444",15,60913637,"A",-0.0125,0.0017,3.514e-13,"rs339991",3.514e-13
"445",15,62156514,"A",0.0359,0.0049,2.212e-13,"rs1559673",2.212e-13
"446",15,68086838,"A",-0.0298,0.0019,3.602e-54,"rs2241423",3.602e-54
"447",15,73227249,"A",0.0132,0.0017,2.6e-14,"rs7171864",2.6e-14
"448",15,75019449,"T",0.0107,0.0017,9.43e-10,"rs2470893",9.43e-10
"449",15,78024806,"A",0.0166,0.0022,6.187e-14,"rs56151256",6.187e-14
"450",15,80993570,"C",-0.0159,0.0019,1.999e-16,"rs12914623",1.999e-16
"451",15,95271378,"A",-0.0157,0.0018,7.272e-19,"rs11633626",7.272e-19
"452",15,98282615,"A",-0.0105,0.0018,2.279e-09,"rs12439829",2.279e-09
"453",15,99511873,"A",-0.0115,0.0019,1.901e-09,"rs2715423",1.901e-09
"454",16,348687,"T",0.0138,0.0017,2.715e-15,"rs214249",2.715e-15
"455",16,3599655,"A",0.0161,0.002,9.035e-16,"rs12448257",9.035e-16
"456",16,4015729,"T",0.0226,0.0017,8.449e-39,"rs879620",8.449e-39
"457",16,6704749,"T",-0.0115,0.0019,1.795e-09,"rs2058527",1.795e-09
"458",16,19941968,"T",0.0237,0.0021,1.084e-30,"rs9926784",1.084e-30
"459",16,23804956,"A",0.0126,0.0022,4.861e-09,"rs194809",4.861e-09
"460",16,24540806,"T",0.0126,0.0017,1.328e-13,"rs2342892",1.328e-13
"461",16,28883241,"A",-0.0285,0.0017,1.139e-66,"rs7498665",1.139e-66
"462",16,29994922,"T",0.0227,0.0017,1.471e-40,"rs3814883",1.471e-40
"463",16,49035172,"C",0.0142,0.0021,3.327e-11,"rs2193101",3.327e-11
"464",16,53771583,"T",-0.0151,0.0027,3.056e-08,"rs16952482",3.056e-08
"465",16,53799507,"A",0.0721,0.0016,0,"rs9937053",0
"466",16,54143352,"T",0.0125,0.0023,3.658e-08,"rs8057911",3.658e-08
"467",16,69556715,"T",-0.0195,0.0016,3.234e-32,"rs889398",3.234e-32
"468",16,70572605,"T",-0.0215,0.0031,6.297e-12,"rs35949039",6.297e-12
"469",16,72213316,"T",0.018,0.0028,1.784e-10,"rs12926250",1.784e-10
"470",16,72996162,"A",-0.0134,0.0017,2.383e-15,"rs756717",2.383e-15
"471",16,81707252,"A",0.0102,0.0018,3.038e-08,"rs11644382",3.038e-08
"472",16,82438337,"C",0.0133,0.002,1.482e-11,"rs12922346",1.482e-11
"473",16,82872628,"C",-0.013,0.0018,1.202e-12,"rs7206608",1.202e-12
"474",17,1843189,"A",-0.0222,0.0022,4.121e-23,"rs3923783",4.121e-23
"475",17,2138828,"C",-0.0126,0.0018,1.299e-12,"rs11078883",1.299e-12
"476",17,4801163,"A",0.0128,0.0021,4.223e-10,"rs7774",4.223e-10
"477",17,15943910,"T",-0.0118,0.0016,4.431e-13,"rs1075901",4.431e-13
"478",17,21261560,"T",-0.0177,0.0016,1.269e-27,"rs4986044",1.269e-27
"479",17,31464176,"A",0.0111,0.0019,8.223e-09,"rs11651715",8.223e-09
"480",17,34914787,"T",0.0168,0.0016,1.737e-24,"rs12150665",1.737e-24
"481",17,35057373,"T",-0.0124,0.0019,2.548e-11,"rs6607337",2.548e-11
"482",17,46288649,"A",-0.0233,0.0028,1.408e-16,"rs56161855",1.408e-16
"483",17,46669430,"T",0.0119,0.0018,1.869e-11,"rs9299",1.869e-11
"484",17,47140794,"T",-0.021,0.002,6.874e-26,"rs11655587",6.874e-26
"485",17,56093061,"A",0.0192,0.003,2.524e-10,"rs11649864",2.524e-10
"486",17,65870073,"T",0.0166,0.002,2.899e-16,"rs12602912",2.899e-16
"487",17,68343539,"A",0.0097,0.0016,2.565e-09,"rs312750",2.565e-09
"488",17,78611724,"A",0.018,0.0016,3.681e-28,"rs12939549",3.681e-28
"489",17,79047278,"A",0.015,0.0019,6.648e-15,"rs35867081",6.648e-15
"490",18,1839601,"A",-0.0209,0.0024,3.26e-18,"rs8097672",3.26e-18
"491",18,7543207,"T",-0.015,0.0024,1.983e-10,"rs478707",1.983e-10
"492",18,21103909,"T",0.0208,0.0017,9.256e-35,"rs891387",9.256e-35
"493",18,22164216,"A",-0.0104,0.0018,5.651e-09,"rs1945160",5.651e-09
"494",18,31252129,"A",0.0112,0.0017,4.741e-11,"rs1941696",4.741e-11
"495",18,39612720,"A",-0.0125,0.0017,2.717e-13,"rs474605",2.717e-13
"496",18,40708038,"T",0.0137,0.0018,8.394e-15,"rs1356506",8.394e-15
"497",18,42967950,"A",-0.0108,0.0019,8.49e-09,"rs2612576",8.49e-09
"498",18,44793419,"A",-0.0093,0.0017,4.874e-08,"rs4534948",4.874e-08
"499",18,56882326,"T",-0.0152,0.0019,2.332e-15,"rs9951619",2.332e-15
"500",18,57829135,"T",-0.0552,0.0019,7.82e-184,"rs6567160",7.82e-184
"501",18,58049656,"T",0.035,0.0027,7.098e-38,"rs17066856",7.098e-38
"502",18,58204315,"A",0.0135,0.002,9.093e-12,"rs66595146",9.093e-12
"503",18,63461638,"T",-0.0128,0.0017,2.737e-13,"rs17783165",2.737e-13
"504",18,73498528,"A",0.0118,0.0018,3.718e-11,"rs11150911",3.718e-11
"505",19,1865901,"A",0.0151,0.0017,1.432e-18,"rs12981256",1.432e-18
"506",19,2244849,"A",0.0279,0.004,1.801e-12,"rs45486197",1.801e-12
"507",19,4060707,"C",0.0196,0.0022,1.588e-19,"rs895330",1.588e-19
"508",19,18224729,"T",0.0156,0.0018,4.477e-19,"rs273512",4.477e-19
"509",19,18454825,"A",0.0172,0.0018,5.232e-21,"rs17724992",5.232e-21
"510",19,18808915,"A",-0.02,0.0017,1.806e-30,"rs7258722",1.806e-30
"511",19,19865077,"A",-0.0137,0.0024,1.417e-08,"rs12611148",1.417e-08
"512",19,30272202,"A",0.0193,0.0018,1.474e-25,"rs12462975",1.474e-25
"513",19,30710410,"T",0.0119,0.0021,1.876e-08,"rs7245985",1.876e-08
"514",19,34019685,"A",0.0121,0.0019,3.309e-10,"rs11882409",3.309e-10
"515",19,34306816,"T",0.0137,0.0016,9.104e-17,"rs185350",9.104e-17
"516",19,45411941,"T",0.0257,0.0026,2.599e-22,"rs429358",2.599e-22
"517",19,46180184,"T",-0.0338,0.0021,6.831e-60,"rs11672660",6.831e-60
"518",19,47602577,"A",0.023,0.002,2.203e-31,"rs9304665",2.203e-31
"519",19,49649051,"T",0.0096,0.0017,2.422e-08,"rs3764625",2.422e-08
"520",20,1410582,"T",-0.0108,0.0017,3.724e-10,"rs1884389",3.724e-10
"521",20,2815715,"T",-0.0106,0.0018,1.695e-09,"rs4813619",1.695e-09
"522",20,6612832,"A",-0.0184,0.0017,2.701e-28,"rs1884897",2.701e-28
"523",20,12430673,"T",0.0106,0.0018,7.84e-09,"rs2423668",7.84e-09
"524",20,17102860,"T",0.0123,0.0019,2.145e-10,"rs852056",2.145e-10
"525",20,21381121,"T",0.0195,0.0028,2.589e-12,"rs1409818",2.589e-12
"526",20,25192049,"A",0.0137,0.0018,4.108e-14,"rs8122855",4.108e-14
"527",20,35276585,"A",-0.0202,0.0033,1.279e-09,"rs4812405",1.279e-09
"528",20,39293397,"T",-0.0113,0.0017,1.13e-11,"rs742748",1.13e-11
"529",20,47689036,"A",0.0202,0.0028,2.596e-13,"rs79186842",2.596e-13
"530",20,51065854,"A",-0.026,0.0022,7.908e-32,"rs17806224",7.908e-32
"531",20,54378256,"A",-0.0118,0.0021,1.352e-08,"rs1304549",1.352e-08
"532",20,61540319,"T",0.0106,0.0016,6.906e-11,"rs6010784",6.906e-11
"533",20,62691550,"C",0.0134,0.002,1.522e-11,"rs6512302",1.522e-11
"534",21,22119890,"A",-0.0123,0.0021,1.022e-08,"rs2064044",1.022e-08
"535",21,30690558,"A",0.0115,0.002,4.718e-09,"rs2832283",4.718e-09
"536",21,40309436,"C",0.0152,0.0018,6.934e-18,"rs13047416",6.934e-18
"537",21,40644170,"T",-0.0133,0.002,1.574e-11,"rs8134638",1.574e-11
"538",21,46435610,"T",0.0152,0.0025,5.879e-10,"rs8126575",5.879e-10
"539",21,46570896,"A",-0.0177,0.0017,3.603e-25,"rs427943",3.603e-25
"540",21,48048773,"A",-0.0559,0.0094,2.968e-09,"rs140733155",2.968e-09
"541",22,18220831,"A",-0.0138,0.0023,1.094e-09,"rs11538",1.094e-09
"542",22,20109325,"A",0.0102,0.0018,8.645e-09,"rs2238799",8.645e-09
"543",22,38317137,"T",-0.0115,0.0019,5.852e-10,"rs12628891",5.852e-10
"544",22,40654276,"T",0.0161,0.0018,2.9e-19,"rs12628051",2.9e-19
"545",22,41804716,"A",-0.0151,0.0021,1.423e-12,"rs28489620",1.423e-12
"546",22,48898559,"C",-0.011,0.002,2.054e-08,"rs9615337",2.054e-08
