"","SNP","ldl_beta","ldl_se","ldl_p","ldl_ea","pval.exposure"
"1","rs2419604",0.0302,0.004,7.49e-14,"A",7.49e-14
"2","rs646776",0.1602,0.0044,1.63e-272,"T",1.63e-272
"3","rs10893499",0.0521,0.0053,3.861e-21,"A",3.861e-21
"4","rs10832962",0.032,0.004,6.619e-14,"T",6.619e-14
"5","rs267733",0.0331,0.0053,5.285e-09,"A",5.285e-09
"6","rs174583",0.0522,0.0038,7.003e-41,"C",7.003e-41
"7","rs3184504",0.0268,0.0038,4.203e-12,"C",4.203e-12
"8","rs1169288",0.0375,0.004,6.447e-21,"C",6.447e-21
"9","rs2642438",0.0352,0.0042,7.318e-16,"G",7.318e-16
"10","rs2587534",0.0391,0.0037,8.055e-25,"A",8.055e-25
"11","rs10903129",0.0328,0.0037,3.03e-17,"G",3.03e-17
"12","rs12748152",0.0499,0.0066,3.209e-12,"T",3.209e-12
"13","rs4942486",0.0243,0.0037,2.261e-11,"T",2.261e-11
"14","rs8017377",0.0303,0.0038,2.516e-15,"A",2.516e-15
"15","rs2495495",0.0342,0.0059,3.52e-08,"T",3.52e-08
"16","rs11591147",0.497,0.018,8.58e-143,"G",8.58e-143
"17","rs7551981",0.0472,0.0038,1.362e-33,"T",1.362e-33
"18","rs12066643",0.0389,0.0064,1.063e-08,"C",1.063e-08
"19","rs7534572",0.0407,0.0058,1.288e-11,"G",1.288e-11
"20","rs247616",0.0547,0.0041,2.566e-37,"C",2.566e-37
"21","rs2000999",0.065,0.0046,4.219e-41,"A",4.219e-41
"22","rs6504872",0.0274,0.0037,3.479e-13,"T",3.479e-13
"23","rs1801689",0.1028,0.0139,9.809e-12,"C",9.809e-12
"24","rs2886232",0.0451,0.0064,3.876e-11,"T",3.876e-11
"25","rs314253",0.0242,0.0038,3.436e-10,"T",3.436e-10
"26","rs6511720",0.2209,0.0061,3.85e-262,"G",3.85e-262
"27","rs2738459",0.0532,0.0058,2.261e-19,"A",2.261e-19
"28","rs2228603",0.104,0.0072,4.433e-44,"C",4.433e-44
"29","rs4970712",0.0339,0.0044,2.458e-13,"C",2.458e-13
"30","rs2965157",0.1886,0.0112,7.292e-62,"T",7.292e-62
"31","rs7254892",0.4853,0.0119,0,"G",0
"32","rs75687619",0.1735,0.0161,8.052e-24,"T",8.052e-24
"33","rs12721109",0.4462,0.0183,2.99e-122,"G",2.99e-122
"34","rs676388",0.0265,0.0039,1.31e-11,"C",1.31e-11
"35","rs364585",0.0249,0.0038,4.278e-10,"G",4.278e-10
"36","rs2328223",0.0299,0.005,5.632e-09,"C",5.632e-09
"37","rs6016373",0.0349,0.0037,7.947e-19,"A",7.947e-19
"38","rs6065311",0.0417,0.0036,1.656e-30,"C",1.656e-30
"39","rs1800961",0.0685,0.0106,6.034e-10,"C",6.034e-10
"40","rs10490626",0.0508,0.0069,1.697e-12,"G",1.697e-12
"41","rs2030746",0.0214,0.0038,8.605e-09,"T",8.605e-09
"42","rs16831243",0.0378,0.0055,9.063e-12,"T",9.063e-12
"43","rs10195252",0.0238,0.0039,3.812e-08,"T",3.812e-08
"44","rs1367117",0.1186,0.004,9.48e-183,"A",9.48e-183
"45","rs72902576",0.0933,0.0133,9.576e-12,"T",9.576e-12
"46","rs1250229",0.0243,0.0042,3.13e-08,"C",3.13e-08
"47","rs5763662",0.0767,0.0121,1.191e-08,"T",1.191e-08
"48","rs11563251",0.0345,0.0062,4.499e-08,"T",4.499e-08
"49","rs4253776",0.0311,0.0059,3.353e-08,"G",3.353e-08
"50","rs6544713",0.0806,0.0041,4.843e-83,"T",4.843e-83
"51","rs6709904",0.055,0.0085,4.577e-10,"A",4.577e-10
"52","rs2710642",0.0239,0.0038,6.089e-09,"A",6.089e-09
"53","rs9875338",0.027,0.0037,2.21e-11,"G",2.21e-11
"54","rs17404153",0.0336,0.0054,1.832e-09,"G",1.832e-09
"55","rs7640978",0.0392,0.0069,9.837e-09,"C",9.837e-09
"56","rs6818397",0.0224,0.004,1.677e-08,"T",1.677e-08
"57","rs4530754",0.0275,0.0036,3.576e-12,"A",3.576e-12
"58","rs6882076",0.0456,0.0038,3.31e-31,"C",3.31e-31
"59","rs12916",0.0733,0.0038,7.792e-78,"C",7.792e-78
"60","rs6909746",0.0263,0.0037,7.86e-11,"C",7.86e-11
"61","rs112201728",0.0675,0.0104,8.514e-10,"T",8.514e-10
"62","rs1564348",0.0481,0.005,2.762e-21,"C",2.762e-21
"63","rs16891156",0.0965,0.0171,8.233e-09,"C",8.233e-09
"64","rs2315065",0.1102,0.0158,5.23e-12,"A",5.23e-12
"65","rs3757354",0.0382,0.0044,2.087e-17,"C",2.087e-17
"66","rs13206249",0.0378,0.0062,4.534e-08,"G",4.534e-08
"67","rs1408272",0.052,0.0083,3.675e-09,"T",3.675e-09
"68","rs10947332",0.0504,0.0056,6.969e-18,"A",6.969e-18
"69","rs2390536",0.0223,0.0038,2.037e-08,"A",2.037e-08
"70","rs4722551",0.0391,0.0049,3.949e-14,"C",3.949e-14
"71","rs2073547",0.0485,0.0049,1.923e-21,"G",1.923e-21
"72","rs2737252",0.0314,0.0041,7.039e-14,"G",7.039e-14
"73","rs2954029",0.0564,0.0036,2.095e-50,"A",2.095e-50
"74","rs7832643",0.0339,0.0038,2.671e-17,"T",2.671e-17
"75","rs13277801",0.0338,0.0038,3.994e-17,"C",3.994e-17
"76","rs9987289",0.0714,0.0066,8.529e-24,"G",8.529e-24
"77","rs1883025",0.0296,0.0044,6.141e-11,"C",6.141e-11
"78","rs579459",0.0665,0.0045,2.419e-44,"C",2.419e-44
"79","rs3780181",0.0445,0.0074,1.764e-09,"A",1.764e-09
"80","rs964184",0.0855,0.0078,2.008e-26,"G",2.008e-26
