"","SNP","sbp_ea","sbp_p","sbp_beta","sbp_se","pval.exposure"
"1","rs1262894","A",3.3e-08,0.0253386894015809,0.00447550257309716,3.3e-08
"2","rs4648815","G",6e-11,0.0155514437398677,0.00239180249578646,6e-11
"3","rs2493296","C",1e-10,-0.0221847447354839,0.00343921258729577,1e-10
"4","rs12567136","C",9.6e-38,0.041161255988367,0.00318412475077471,9.6e-38
"5","rs2764834","T",9e-09,-0.0168563027495626,0.0028832447793861,9e-09
"6","rs2782652","T",4.3e-10,-0.01510283822361,0.00237382401000542,4.3e-10
"7","rs1757915","G",3e-13,-0.017922055393867,0.00246587407136142,3e-13
"8","rs7553325","C",5.4e-09,-0.0134711755295569,0.00236916073986984,5.4e-09
"9","rs12035750","T",4.5e-15,-0.0187330146676175,0.00243211220973687,4.5e-15
"10","rs3790604","C",4.4e-18,-0.0398658198896234,0.00452748920112989,4.4e-18
"11","rs145339349","G",2.6e-11,-0.0603382182560333,0.00897211032515468,2.6e-11
"12","rs35479618","G",2.2e-13,-0.0679124183258485,0.00899288356066106,2.2e-13
"13","rs861585","G",8.6e-09,-0.0138341717582509,0.0023843980151923,8.6e-09
"14","rs7532726","A",3e-09,0.0155820146611928,0.0026763583447372,3e-09
"15","rs3827750","C",1.1e-12,-0.0285943051352723,0.00377200196167873,1.1e-12
"16","rs2867114","C",1.6e-08,0.0222783313737962,0.00406158514777908,1.6e-08
"17","rs4666493","G",3.3e-15,-0.0191501390950151,0.00239755261303745,3.3e-15
"18","rs116734066","C",2.7e-09,0.0233684443844805,0.0040915082439763,2.7e-09
"19","rs35021474","C",2.9e-24,0.0251374352977961,0.00243647030605186,2.9e-24
"20","rs72792829","C",1.1e-11,0.0192614472306279,0.00286097779833686,1.1e-11
"21","rs115262049","A",6e-10,0.0260979297436326,0.00417695691373967,6e-10
"22","rs6708660","T",3.6e-10,0.0148358914394996,0.00241730324854855,3.6e-10
"23","rs6704991","A",3.2e-09,-0.0147197647698775,0.00246944514045491,3.2e-09
"24","rs2249105","A",3e-14,0.0189089446982206,0.00245327628189066,3e-14
"25","rs62162674","G",3e-09,0.0144061852844113,0.00238345572409717,3e-09
"26","rs10195405","A",1.3e-09,0.0156207235510668,0.00260175673042123,1.3e-09
"27","rs1530558","T",1.5e-08,0.0195620166742692,0.0034427997181693,1.5e-08
"28","rs268263","T",5.6e-28,-0.0304296847393816,0.0027698218427359,5.6e-28
"29","rs4246616","C",3.4e-09,-0.0145524010219575,0.00238341289268375,3.4e-09
"30","rs1263146","G",1.1e-08,0.0137819174338844,0.00237488944141412,1.1e-08
"31","rs1250258","C",1.7e-10,0.0169956654609624,0.00268492998134692,1.7e-10
"32","rs79349366","C",6.7e-11,0.0425444964846117,0.00672180140358542,6.7e-11
"33","rs2606738","T",1.3e-12,-0.0172788346429038,0.00251743773918667,1.3e-12
"34","rs34991912","T",5.5e-09,0.0143025868032132,0.00240342587060202,5.5e-09
"35","rs2643826","C",3.5e-15,-0.0195629268418043,0.00238167822044044,3.5e-15
"36","rs6775384","G",1.1e-12,-0.0159975329105873,0.00236305726345817,1.1e-12
"37","rs4141663","C",1.1e-09,0.0147604010733552,0.00240467333551774,1.1e-09
"38","rs11719057","G",5.1e-09,0.0145331804251874,0.00249810470995638,5.1e-09
"39","rs6787069","C",3.3e-10,-0.016262552281094,0.00265351313960685,3.3e-10
"40","rs11721038","T",8.9e-09,0.0266522217724924,0.00450120677507297,8.9e-09
"41","rs1290784","C",1.5e-15,-0.0198634962854457,0.00238972517223582,1.5e-15
"42","rs263017","A",2.8e-08,0.0128173540037734,0.00237761994401934,2.8e-08
"43","rs231708","G",1.8e-09,0.014432687221462,0.00254847445213268,1.8e-09
"44","rs2610989","T",5.1e-11,-0.0180861532465141,0.00269248437188803,5.1e-11
"45","rs55924432","C",2e-09,-0.0148308052091565,0.00241561140771865,2e-09
"46","rs9993149","T",1.1e-09,0.0149742904440975,0.0023652041880556,1.1e-09
"47","rs1051447","C",4.9e-08,0.014538159576997,0.00261818257746597,4.9e-08
"48","rs7439366","T",1.5e-08,-0.0133130740747879,0.00237203579849533,1.5e-08
"49","rs11099098","G",3.2e-49,-0.0385607467228615,0.00260100182675978,3.2e-49
"50","rs17011002","C",5.7e-15,-0.0268675567034374,0.00341396882301417,5.7e-15
"51","rs10024506","G",6.8e-09,0.0162571448151503,0.00278807873270414,6.8e-09
"52","rs1229984","T",9.2e-13,-0.0577506654930859,0.00794089050791632,9.2e-13
"53","rs13107325","C",3.4e-13,0.0334662713327208,0.00450501877086693,3.4e-13
"54","rs6815273","G",2.2e-09,0.015259065804042,0.00241107663182331,2.2e-09
"55","rs2897515","T",6.4e-09,0.0140745095267771,0.00238324156703009,6.4e-09
"56","rs4690775","A",3.8e-08,0.0140762227833137,0.00241593799724594,3.8e-08
"57","rs12509892","T",1.5e-16,-0.0198558401702977,0.00237044032834562,1.5e-16
"58","rs12643599","A",5.9e-12,0.0169228520581565,0.00245948683683587,5.9e-12
"59","rs13129779","C",1.6e-08,0.0136328105759326,0.00238975194186921,1.6e-08
"60","rs12656497","T",7.1e-46,-0.0348391787504792,0.0024089457690059,7.1e-46
"61","rs62368019","T",4.1e-08,-0.0152652228197204,0.00260883997541477,4.1e-08
"62","rs35807464","G",1.8e-09,-0.0283708322357784,0.00475978537178738,1.8e-09
"63","rs6453400","G",3.6e-08,0.0134671065452824,0.00238472995864627,3.6e-08
"64","rs75271047","G",1.1e-08,0.0251140921774848,0.00428233825252116,1.1e-08
"65","rs1422279","C",5.3e-12,-0.0168032988754612,0.00244005743692539,5.3e-12
"66","rs17677603","A",1.5e-13,-0.0178060358027785,0.00243031329037343,1.5e-13
"67","rs13436194","A",2.4e-16,0.0194245813764731,0.00238918977956813,2.4e-16
"68","rs12055028","G",1.1e-11,-0.0168620314511069,0.00256407579446918,1.1e-11
"69","rs72812818","G",9.4e-09,0.0144981122054537,0.00257816197555611,9.4e-09
"70","rs3887266","C",4.4e-09,-0.0207947582916262,0.00371538954099716,4.4e-09
"71","rs2607015","G",4e-17,-0.0204194480315753,0.00240140208631815,4e-17
"72","rs9472040","A",1.4e-09,-0.0149773957215701,0.00253224134644831,1.4e-09
"73","rs1542977","G",1.4e-10,-0.0150196382030509,0.00237100249064669,1.4e-10
"74","rs2499801","G",7.7e-11,0.0192812032200657,0.00304491194932187,7.7e-11
"75","rs13219548","C",1.4e-22,-0.023355809117523,0.00238189237750751,1.4e-22
"76","rs9373523","T",7e-09,0.0136854932144333,0.0024106161941291,7e-09
"77","rs57139556","A",8.8e-13,0.0311796092490154,0.00458585235583482,8.8e-13
"78","rs434578","C",1.6e-09,0.0203991566494699,0.00339552454561224,1.6e-09
"79","rs9294987","T",1.9e-08,-0.0137477593816857,0.00238294174713618,1.9e-08
"80","rs73050466","G",1.7e-09,0.0435430038098542,0.00704501795707008,1.7e-09
"81","rs12699561","G",1.4e-08,-0.0132850730382677,0.00244359102853215,1.4e-08
"82","rs57301765","G",1.8e-16,-0.0274683208158528,0.00325710412530758,1.8e-16
"83","rs2237306","C",2.1e-08,0.0198430442855399,0.00343608054018979,2.1e-08
"84","rs6461992","A",9.9e-15,-0.0383935435927418,0.00456604282713027,9.9e-15
"85","rs1543270","C",7.4e-15,0.019234302822376,0.0023801577052642,7.4e-15
"86","rs6963105","A",3e-10,-0.014807033774711,0.00238534566021411,3e-10
"87","rs42038","C",9.1e-15,0.0201994016451546,0.00258910004775703,9.1e-15
"88","rs2392929","T",1.4e-43,-0.0413403448357094,0.00296717828789991,1.4e-43
"89","rs2129561","A",5e-13,-0.0179576590062684,0.00241529552604471,5e-13
"90","rs7459106","A",8.1e-10,0.0191339702364508,0.00300642792436829,8.1e-10
"91","rs891511","G",6.7e-17,0.0213017216086622,0.00256444521540989,6.7e-17
"92","rs17173238","A",5.5e-09,-0.0156243642212071,0.00261649073663606,5.5e-09
"93","rs13257887","T",3.3e-09,0.0163861209087969,0.00271326831524777,3.3e-09
"94","rs35726503","A",1.5e-14,0.0185168231084042,0.0023947846329455,1.5e-14
"95","rs73563812","G",1.1e-13,0.0211263805099936,0.00278724887406922,1.1e-13
"96","rs2978456","T",6.5e-09,-0.0134732635609609,0.00237409170633926,6.5e-09
"97","rs12543884","A",2.2e-09,-0.0183289002820449,0.00309983252917355,2.2e-09
"98","rs12544711","G",7.5e-11,0.0157620672153371,0.00240526762137887,7.5e-11
"99","rs2613203","A",6.6e-10,-0.019372915984041,0.00304591848753713,6.6e-10
"100","rs11774829","T",2.4e-08,0.0218925809567253,0.00395451196816769,2.4e-08
"101","rs2469997","G",4.9e-11,0.0203864678432456,0.00304933429275699,4.9e-11
"102","rs9773022","T",3.3e-11,-0.0157234654039966,0.00237435940267311,3.3e-11
"103","rs10977670","A",1.3e-10,0.0161187993498191,0.00247999772993509,1.3e-10
"104","rs7019061","C",1.4e-08,0.014957960967733,0.00262051153557042,1.4e-08
"105","rs10817007","T",1.3e-10,-0.0234136315256335,0.00353973791458131,1.3e-10
"106","rs11795365","G",6.4e-09,-0.0194993757321495,0.00343469922710714,6.4e-09
"107","rs11145807","A",2.1e-08,0.0146353333461828,0.0024232032757465,2.1e-08
"108","rs1779240","G",1.1e-12,0.0195586437004628,0.00278966884892718,1.1e-12
"109","rs12258967","C",4.3e-36,0.0329252570420198,0.00258984424356512,4.3e-36
"110","rs7070797","G",1.1e-20,0.0320832449935432,0.00340080351731567,1.1e-20
"111","rs10995311","C",1.2e-14,0.018415794512011,0.00238974658794253,1.2e-14
"112","rs2177843","C",7.1e-11,-0.0224033991009686,0.00336260325047596,7.1e-11
"113","rs11187838","G",1.1e-24,0.0249482810683011,0.00238721953455103,1.1e-24
"114","rs10883543","G",1.6e-16,-0.0326101249178172,0.00377225895015923,1.6e-16
"115","rs11191580","T",2.1e-30,0.0516481527882179,0.00443865149578004,2.1e-30
"116","rs2782980","T",8.7e-14,-0.0199892064838194,0.00263418011037655,8.7e-14
"117","rs11146456","A",2.5e-09,-0.0226454501260314,0.00372255844881753,2.5e-09
"118","rs7938342","T",8.5e-34,-0.0288991577202552,0.00240413258892337,8.5e-34
"119","rs72843959","C",2.6e-08,0.014926426339606,0.00252421045643296,2.6e-08
"120","rs56352102","C",5.2e-20,-0.0282317372207124,0.00305422778173968,5.2e-20
"121","rs2052692","A",1.6e-08,0.0143103499968947,0.0025453424050267,1.6e-08
"122","rs11821781","A",3.3e-10,-0.0181578958639846,0.00271619691314004,3.3e-10
"123","rs11605215","G",1.3e-08,-0.0170860397432685,0.00299399075269784,1.3e-08
"124","rs7107356","A",9.9e-22,-0.023379687630502,0.00236155816398863,9.9e-22
"125","rs7125196","T",4.3e-10,0.0240198566432593,0.00370883098081795,4.3e-10
"126","rs2306363","G",6.8e-14,0.0217338370307551,0.00292234450590752,6.8e-14
"127","rs604723","T",3.1e-37,-0.0336911362531508,0.00266149584428211,3.1e-37
"128","rs7123754","T",4.4e-13,0.0176609979291012,0.00252460664700705,4.4e-13
"129","rs4937515","G",8.6e-14,0.0184971206582332,0.00242653341813953,8.6e-14
"130","rs1010064","A",1.1e-12,0.0214506143095469,0.00305861264768807,1.1e-12
"131","rs73075659","A",7.1e-13,0.018087331110383,0.00249850090053047,7.1e-13
"132","rs150857355","G",4.3e-09,-0.0469856857416366,0.00819605865333753,4.3e-09
"133","rs113605702","G",3e-09,0.0238797443821247,0.00426976187875712,3e-09
"134","rs7302981","A",1.9e-13,0.0181924286910506,0.00244603241909681,1.9e-13
"135","rs7315688","G",3e-08,0.0144189811691691,0.0025902886194793,3e-08
"136","rs7306710","T",3.8e-09,-0.0147715907801099,0.00238355209477735,3.8e-09
"137","rs7963801","T",3.2e-08,-0.0133921515718058,0.0024001385596224,3.2e-08
"138","rs2681492","T",8e-33,0.0383398972474392,0.00315147115197228,8e-33
"139","rs597808","A",1.7e-19,0.0215503579635376,0.0023739203806856,1.7e-19
"140","rs35443","G",1.1e-17,0.0208614146787537,0.00242956374063866,1.1e-17
"141","rs12822344","C",3.3e-10,-0.0154902483579507,0.0023987947240265,3.3e-10
"142","rs11616710","C",7.8e-10,-0.0270679541789539,0.00416426810751541,7.8e-10
"143","rs72683923","T",5.8e-10,0.0538733517936725,0.00850166078805518,5.8e-10
"144","rs12147852","G",6e-11,-0.0176381902014576,0.00276228351397482,6e-11
"145","rs151157965","G",6.2e-09,-0.0244589321700321,0.00402320284743236,6.2e-09
"146","rs75989961","T",6.3e-10,-0.0259957768226373,0.00431845584188355,6.3e-10
"147","rs113044050","C",2.7e-08,0.0194716423919631,0.00343247199360955,2.7e-08
"148","rs11070245","T",2.8e-10,-0.014980447459776,0.00237739507909891,2.8e-10
"149","rs3101442","T",3e-12,-0.0163174300295323,0.00236917144772319,3e-12
"150","rs10775143","C",8.7e-09,0.0138447725330712,0.00242743287782125,8.7e-09
"151","rs2469133","G",2.4e-08,-0.0142009692748856,0.00249407855709535,2.4e-08
"152","rs1543927","T",3.5e-19,0.0237037072729882,0.00268851175829377,3.5e-19
"153","rs2062316","A",1.1e-14,-0.018839771965555,0.0023816407429537,1.1e-14
"154","rs8027450","C",1.2e-30,-0.0290180684317492,0.00253622466789593,1.2e-30
"155","rs12906962","T",2.2e-08,-0.0148301091986885,0.00255600742696709,2.2e-08
"156","rs3211995","G",3.4e-13,0.0231861431811319,0.00324899828031875,3.4e-13
"157","rs2285815","C",7e-09,0.015806826042356,0.0026745273018137,7e-09
"158","rs113523959","G",8.2e-09,0.0206222012348297,0.00335579840966962,8.2e-09
"159","rs2303083","G",1e-17,0.0251220695282334,0.00299019481868392,1e-17
"160","rs7200432","G",5.8e-12,0.0179430427864404,0.00258919106451053,5.8e-12
"161","rs77870048","C",1.6e-20,-0.0501283871617121,0.00529593829706583,1.6e-20
"162","rs11641308","T",1.6e-12,-0.0175166025266251,0.00251540324704945,1.6e-12
"163","rs4480845","T",2.8e-18,0.0215082225605904,0.00247945162941405,2.8e-18
"164","rs149932962","G",4e-09,-0.0161921481452927,0.00273443238740157,4e-09
"165","rs2111834","G",1.9e-10,0.0234498240699694,0.00366454329934661,1.9e-10
"166","rs2301597","T",2.3e-21,0.0232118955684478,0.00240109155857089,2.3e-21
"167","rs11874","G",1e-19,-0.0334690553745928,0.0034375368082459,1e-19
"168","rs2288276","G",3.9e-08,-0.0219584342548512,0.00390272878934868,3.9e-08
"169","rs9907379","T",1.1e-13,-0.0215557118902145,0.00290390558243227,1.1e-13
"170","rs3826537","A",6.2e-11,-0.0153747106202631,0.00239109577746511,6.2e-11
"171","rs940743","T",4.7e-09,-0.0143611587610585,0.00237574071575575,4.7e-09
"172","rs1436138","A",4.5e-11,0.0161545100407541,0.00247687639068245,4.5e-11
"173","rs8076588","C",4.1e-10,0.015211308778084,0.00236918750950322,4.1e-10
"174","rs1397985","G",2.4e-10,0.0165848586670436,0.00253211820613474,2.4e-10
"175","rs61148001","C",5.2e-09,0.0174641875844582,0.00292079186717122,5.2e-09
"176","rs10048404","C",4.4e-09,0.0143621224678604,0.00245307818660362,4.4e-09
"177","rs12608469","T",4.4e-09,-0.0299456362285227,0.00500831464812923,4.4e-09
"178","rs2017199","G",2.8e-11,0.0175269356051115,0.00259478056396122,2.8e-11
"179","rs167479","G",3.2e-31,0.0282349495767186,0.00236880738070916,3.2e-31
"180","rs1077795","A",6.7e-09,0.0157343338751507,0.00269071757608465,6.7e-09
"181","rs3786516","T",1.5e-08,-0.0171913514810032,0.00288293425163884,1.5e-08
"182","rs11667829","G",2.3e-08,-0.0141146104375871,0.00252680175694458,2.3e-08
"183","rs73046792","G",6.6e-13,0.0227071273613494,0.00318422647538157,6.6e-13
"184","rs11697820","C",3e-08,0.0133778565875785,0.00241385531976862,3e-08
"185","rs2423514","A",9.4e-13,0.0163464483121211,0.00237100249064669,9.4e-13
"186","rs1887320","G",3.9e-14,-0.0185843361237999,0.00237522138486809,3.9e-14
"187","rs75777337","T",9.9e-17,-0.0322698828775,0.00387507575806248,9.9e-17
"188","rs6062625","T",5.3e-11,-0.0175900584006322,0.00273999511721887,5.3e-11
"189","rs62229372","C",2.1e-09,-0.0212317993262619,0.00359629679599612,2.1e-09
"190","rs137923903","C",4.8e-10,0.0691282950741733,0.0103715732192304,4.8e-10
"191","rs71313932","G",4e-09,-0.0151258065690539,0.00263102664756386,4e-09
"192","rs10212058","A",4.5e-08,0.0175513495107582,0.00298594380090246,4.5e-08
