"","SNP","CHR","BP","smoking_ea","OTHER_ALLELE","EAF","INFO","smoking_beta","smoking_se","smoking_p","pval.exposure"
"6","rs1193237",1,7526486,"G","C",0.439176,0.992665,-0.00776138,0.00139716,2.8e-08,2.8e-08
"15","rs4949465",1,32178489,"T","C",0.869552,1,-0.0116055,0.00205788,1.7e-08,1.7e-08
"86","rs549845",1,44076469,"G","A",0.301161,0.998181,0.0112613,0.00150857,8.3e-14,8.3e-14
"384","rs1933270",1,49977965,"T","G",0.363726,0.997013,0.00921831,0.00143808,1.5e-10,1.5e-10
"602","rs7528604",1,66407352,"G","A",0.565613,0.995084,0.00965269,0.00140141,5.7e-12,5.7e-12
"934","rs11210229",1,73860028,"A","G",0.383666,1,0.011702,0.00142273,2e-16,2e-16
"1123","rs7553348",1,75005067,"G","A",0.437656,0.99824,0.00963399,0.00139643,5.2e-12,5.2e-12
"1147","rs10922907",1,91193049,"A","T",0.45105,0.993717,0.0101748,0.00139495,3e-13,3e-13
"1164","rs1931263",1,96175101,"G","T",0.510321,0.996393,-0.00760874,0.0013858,4e-08,4e-08
"1305","rs7519626",1,99514554,"C","T",0.323676,0.998499,0.00842015,0.00147893,1.2e-08,1.2e-08
"1335","rs9435340",1,107593201,"T","A",0.344234,0.994556,0.00834773,0.00146424,1.2e-08,1.2e-08
"1353","rs10918701",1,162090536,"G","A",0.372247,0.996706,0.00802389,0.00143191,2.1e-08,2.1e-08
"1559","rs2867112",2,651349,"T","G",0.834596,0.972419,0.0147832,0.00188747,4.8e-15,4.8e-15
"1590","rs6741228",2,22548774,"T","C",0.433309,0.991253,0.00793282,0.00140363,1.6e-08,1.6e-08
"1601","rs62135536",2,44326028,"C","T",0.968256,0.991209,0.0243444,0.00396165,8e-10,8e-10
"1616","rs7569203",2,45154418,"A","C",0.688725,0.993796,-0.0107595,0.0015002,7.4e-13,7.4e-13
"1629","rs13016665",2,57995348,"C","A",0.576725,0.983488,-0.00848745,0.0014118,1.8e-09,1.8e-09
"1663","rs4671357",2,60136176,"T","C",0.518819,0.993067,-0.00944175,0.00138991,1.1e-11,1.1e-11
"1745","rs359243",2,60475509,"T","C",0.392886,0.988951,-0.00871975,0.00142539,9.5e-10,9.5e-10
"2322","rs2678670",2,104469564,"A","T",0.485528,0.993795,0.00873079,0.00138756,3.1e-10,3.1e-10
"2350","rs62155874",2,105973094,"A","G",0.87336,0.995282,-0.0169073,0.00208546,5.2e-16,5.2e-16
"2355","rs3811038",2,113240183,"T","C",0.723852,0.985007,-0.00954466,0.00155745,8.9e-10,8.9e-10
"2601","rs2890772",2,146175106,"G","T",0.413181,0.9947,-0.0136979,0.00140672,2.1e-22,2.1e-22
"2632","rs62175972",2,161362830,"T","C",0.965939,0.977814,0.0217461,0.00385678,1.7e-08,1.7e-08
"2634","rs3769949",2,166199284,"T","A",0.527845,0.999435,-0.00825646,0.00138563,2.5e-09,2.5e-09
"2637","rs13009008",2,174043233,"A","G",0.327713,0.999116,0.00863272,0.00147329,4.6e-09,4.6e-09
"2684","rs4473348",2,182073742,"A","T",0.249978,0.999499,-0.0104317,0.00159675,6.4e-11,6.4e-11
"2719","rs12623702",2,202885506,"A","G",0.613375,0.986859,-0.00977238,0.00142787,7.7e-12,7.7e-12
"2900","rs6779302",3,16859710,"G","T",0.632921,0.993819,-0.00875253,0.0014392,1.2e-09,1.2e-09
"3025","rs6778080",3,49317338,"T","C",0.267372,0.998832,0.0111141,0.00156621,1.3e-12,1.3e-12
"3220","rs775758",3,77582005,"A","T",0.432859,0.993308,0.00801379,0.00140266,1.1e-08,1.1e-08
"3291","rs421983",3,84892866,"T","C",0.519028,0.998297,0.00870743,0.00138561,3.3e-10,3.3e-10
"3390","rs326341",3,107811142,"G","A",0.524943,0.991853,0.00943522,0.00139247,1.2e-11,1.2e-11
"3583","rs73220544",3,131074511,"A","C",0.842295,0.987472,-0.0108189,0.0019126,1.5e-08,1.5e-08
"3597","rs9842947",3,157412246,"C","T",0.326165,0.990486,-0.00877189,0.00148073,3.1e-09,3.1e-09
"3612","rs624833",4,2881256,"T","G",0.694697,0.999151,0.00928567,0.00150361,6.6e-10,6.6e-10
"3638","rs61796681",4,23678196,"A","T",0.912365,0.999786,-0.0134163,0.00244752,4.2e-08,4.2e-08
"3646","rs317021",4,35418368,"T","A",0.814287,0.987714,-0.011567,0.00179087,1.1e-10,1.1e-10
"4120","rs72678864",4,112422145,"G","A",0.828591,0.995985,0.0123829,0.0018387,1.6e-11,1.6e-11
"4305","rs17576594",4,147952241,"G","A",0.7235,0.993033,0.0109502,0.00155159,1.7e-12,1.7e-12
"4430","rs11948770",5,13246336,"T","C",0.768248,0.993104,-0.0102364,0.00164524,4.9e-10,4.9e-10
"4516","rs71627581",5,43161351,"G","A",0.888811,1,0.0132566,0.00219871,1.6e-09,1.6e-09
"4520","rs10052591",5,50812738,"T","C",0.573358,0.996586,0.00839979,0.00140216,2.1e-09,2.1e-09
"4525","rs2080870",5,60388313,"A","T",0.258107,0.999783,0.00863309,0.00158257,4.9e-08,4.9e-08
"4531","rs4571506",5,87756918,"C","T",0.539523,0.995806,0.00787701,0.00139172,1.5e-08,1.5e-08
"4541","rs4957528",5,106420589,"A","C",0.208497,0.978489,-0.0101225,0.00172212,4.2e-09,4.2e-09
"4575","rs329120",5,133861756,"C","T",0.580672,0.996967,0.00965704,0.00140509,6.3e-12,6.3e-12
"4621","rs986391",5,166993972,"G","A",0.366555,0.997012,0.0111388,0.0014379,9.4e-15,9.4e-15
"4678","rs13153393",5,167604213,"A","G",0.883937,0.98716,-0.0137451,0.00217329,2.5e-10,2.5e-10
"5064","rs245774",5,170530930,"A","G",0.271691,0.99554,-0.00901601,0.00155972,7.4e-09,7.4e-09
"5084","rs6935954",6,26255451,"A","G",0.421108,1,0.0095817,0.00140192,8.2e-12,8.2e-12
"5098","rs2254710",6,37477000,"C","A",0.236356,0.996457,0.00899636,0.00163085,3.5e-08,3.5e-08
"5102","rs2894808",6,52861990,"T","A",0.922121,0.994939,-0.0152983,0.0025912,3.5e-09,3.5e-09
"5110","rs12202536",6,67475273,"A","G",0.512754,0.998591,-0.00823391,0.00138601,2.8e-09,2.8e-09
"5220","rs7766610",6,111707821,"C","A",0.182634,0.999658,0.0125839,0.00179283,2.2e-12,2.2e-12
"5293","rs1922018",7,3560401,"C","T",0.364422,1,0.0100328,0.00143771,3e-12,3e-12
"5370","rs10226228",7,32315613,"A","G",0.62964,1,-0.0114099,0.00143702,2e-15,2e-15
"5426","rs11768481",7,96629103,"C","A",0.666168,0.991711,0.00901238,0.00147464,9.9e-10,9.9e-10
"5444","rs6962772",7,99081730,"A","G",0.845551,1,0.011064,0.00191645,7.8e-09,7.8e-09
"5491","rs10282292",7,111092478,"C","T",0.361838,0.99084,0.00896219,0.0014469,5.9e-10,5.9e-10
"5574","rs2401924",7,115057862,"G","C",0.501955,0.994308,0.0105718,0.00138906,2.7e-14,2.7e-14
"5636","rs7807019",7,117543063,"A","G",0.540327,0.997596,-0.0104211,0.00139062,6.7e-14,6.7e-14
"5690","rs6957896",7,132309592,"C","T",0.503261,0.996698,-0.00758434,0.00138695,4.5e-08,4.5e-08
"5701","rs4731925",7,132664757,"C","T",0.315607,0.998358,-0.00829239,0.00149022,2.6e-08,2.6e-08
"5721","rs35169606",8,9604066,"T","G",0.612204,0.971128,0.00877627,0.00144385,1.2e-09,1.2e-09
"5770","rs11783093",8,27425349,"C","T",0.838811,0.985131,0.01571,0.00189655,1.2e-16,1.2e-16
"5821","rs2062882",8,91839576,"G","A",0.586782,0.981793,-0.0081103,0.00141998,1.1e-08,1.1e-08
"5824","rs72674867",8,95578201,"A","T",0.764568,0.99507,0.00898766,0.00163396,3.8e-08,3.8e-08
"5850","rs4543592",9,3014254,"T","C",0.519912,0.992214,-0.00866243,0.0013891,4.5e-10,4.5e-10
"5906","rs7039819",9,82430418,"G","A",0.427307,0.993829,0.00873433,0.00140501,5.1e-10,5.1e-10
"5928","rs1246265",9,86761745,"T","C",0.30456,0.993549,-0.00886526,0.00150907,4.2e-09,4.2e-09
"5969","rs1221148",9,122046875,"C","G",0.587062,0.99745,0.00916504,0.00140711,7.3e-11,7.3e-11
"6437","rs13296519",9,128471924,"G","T",0.606385,0.996248,-0.00970128,0.00141888,8.1e-12,8.1e-12
"6556","rs113382419",9,136463019,"C","A",0.889325,0.993836,-0.0282339,0.00221376,3e-37,3e-37
"6645","rs11255908",10,8802912,"T","G",0.743485,0.995372,-0.0100713,0.00158809,2.3e-10,2.3e-10
"6682","rs2675638",10,63576286,"G","A",0.58057,1,0.00849857,0.00140017,1.3e-09,1.3e-09
"6750","rs10823968",10,74738269,"A","T",0.632969,0.978508,0.00813544,0.00145258,2.1e-08,2.1e-08
"6761","rs17553262",10,92912773,"A","C",0.884605,0.986991,-0.0127323,0.00218148,5.3e-09,5.3e-09
"6991","rs7077678",10,104438565,"C","T",0.623429,0.987987,0.00855025,0.00143575,2.6e-09,2.6e-09
"7168","rs12244388",10,104640052,"G","A",0.661124,0.998476,-0.0132503,0.00146413,1.4e-19,1.4e-19
"7528","rs3896224",10,106467853,"A","G",0.585286,0.984843,0.00962696,0.00141792,1.1e-11,1.1e-11
"7598","rs34866095",11,16377356,"A","G",0.686187,0.984324,-0.00857198,0.00150558,1.2e-08,1.2e-08
"7633","rs75742406",11,17070365,"G","A",0.738854,0.988014,0.00961948,0.00158486,1.3e-09,1.3e-09
"7709","rs17309874",11,27667236,"G","A",0.740357,0.99545,-0.0112899,0.00158234,9.7e-13,9.7e-13
"7890","rs4391802",11,28674592,"A","G",0.707464,0.991116,0.0103191,0.00152789,1.4e-11,1.4e-11
"8025","rs112282219",11,46632809,"G","A",0.958949,0.990395,-0.0231662,0.00350418,3.8e-11,3.8e-11
"8207","rs9919670",11,112877304,"G","A",0.612185,0.999228,-0.0152438,0.00142114,7.6e-27,7.6e-27
"8385","rs74086911",12,50015942,"G","A",0.925459,0.99682,0.0148021,0.00264197,2.1e-08,2.1e-08
"8387","rs7297175",12,56473808,"T","C",0.431355,0.998437,-0.00811649,0.0013992,6.6e-09,6.6e-09
"8430","rs10879871",12,75380511,"T","G",0.343436,1,-0.00957988,0.00145803,5e-11,5e-11
"8458","rs12831617",12,84758368,"C","T",0.764305,0.997923,-0.00918459,0.00163314,1.9e-08,1.9e-08
"8472","rs6562474",13,67332812,"C","G",0.650606,0.988574,0.00836914,0.0014611,1e-08,1e-08
"8514","rs7333559",13,100546450,"G","A",0.211711,0.984554,0.01074,0.00170716,3.2e-10,3.2e-10
"8526","rs860326",14,57342912,"C","T",0.427696,0.995424,0.00833808,0.0014023,2.7e-09,2.7e-09
"8547","rs7155595",14,77502546,"A","C",0.674282,0.990894,-0.00885162,0.00148508,2.5e-09,2.5e-09
"8670","rs3742365",14,104198251,"T","C",0.595136,0.994842,-0.0107929,0.0014159,2.5e-14,2.5e-14
"9052","rs35175834",15,47680815,"G","A",0.78844,0.998526,-0.0164032,0.00169847,4.6e-22,4.6e-22
"9180","rs28485305",15,74044197,"C","T",0.631482,0.995833,0.00800666,0.00143887,2.6e-08,2.6e-08
"9286","rs8042849",15,78817929,"C","T",0.34229,0.999148,0.0192164,0.00146183,1.8e-39,1.8e-39
"9621","rs8042134",15,97514404,"T","G",0.541083,0.983473,-0.00994136,0.0014011,1.3e-12,1.3e-12
"9629","rs6598539",15,99204483,"T","C",0.488672,0.997371,-0.00815056,0.00138941,4.5e-09,4.5e-09
"9630","rs11861214",16,746611,"G","T",0.78364,0.999304,0.00945079,0.00168455,2e-08,2e-08
"9642","rs12708665",16,24728227,"A","G",0.284632,0.996296,-0.0090871,0.00153886,3.5e-09,3.5e-09
"9654","rs57611503",16,31165795,"G","A",0.484578,0.967029,0.00774344,0.00141026,4e-08,4e-08
"9656","rs889398",16,69556715,"C","T",0.588005,0.991986,0.0092407,0.00141367,6.3e-11,6.3e-11
"9734","rs60952428",16,75640521,"T","C",0.909149,0.993455,0.0134109,0.00241933,3e-08,3e-08
"9736","rs1050847",16,87443734,"C","T",0.425845,0.991042,0.00797046,0.00140503,1.4e-08,1.4e-08
"9738","rs369230",16,89645437,"G","T",0.307565,0.98467,-0.00908882,0.001511,1.8e-09,1.8e-09
"9740","rs8614",17,27588806,"C","A",0.817489,1,-0.0114612,0.00179679,1.8e-10,1.8e-10
"9747","rs732083",17,37834367,"G","A",0.333362,0.99512,0.00834823,0.00147311,1.5e-08,1.5e-08
"9781","rs9904288",17,47031973,"T","C",0.707772,0.998839,0.00842758,0.0015229,3.1e-08,3.1e-08
"9806","rs67596067",17,50333733,"G","A",0.648812,0.991838,-0.00887666,0.00145843,1.2e-09,1.2e-09
"9848","rs12967855",18,35138245,"A","G",0.331225,0.99002,0.0081887,0.00147934,3.1e-08,3.1e-08
"9849","rs62098013",18,50863861,"G","A",0.63991,0.981619,-0.00856663,0.00145676,4.1e-09,4.1e-09
"9853","rs71367545",18,77576337,"G","A",0.790533,0.996546,-0.0103197,0.0017038,1.4e-09,1.4e-09
"9856","rs76608582",19,4474725,"C","A",0.953011,0.907808,0.0216317,0.00344003,3.2e-10,3.2e-10
"9867","rs35343344",19,18471610,"C","A",0.732713,0.960998,0.00918144,0.00159594,8.8e-09,8.8e-09
"9868","rs4814873",20,19616429,"C","T",0.76659,0.999043,0.00971214,0.00163637,2.9e-09,2.9e-09
"10012","rs6119897",20,31145415,"G","A",0.761716,1,-0.0128038,0.00162704,3.6e-15,3.6e-15
"10050","rs12481282",20,44761377,"G","C",0.722343,1,-0.00894356,0.00154935,7.8e-09,7.8e-09
"10055","rs348809",20,59032097,"A","G",0.347637,0.996712,-0.00828381,0.00145602,1.3e-08,1.3e-08
"10081","rs6011779",20,61984317,"C","T",0.191239,0.998022,0.0191152,0.00176364,2.3e-27,2.3e-27
"10117","rs147412694",21,40702786,"G","A",0.850009,0.991013,-0.0115726,0.00194865,2.9e-09,2.9e-09
"10186","rs2838834",21,46665208,"C","T",0.699459,0.999078,-0.00936489,0.00151488,6.3e-10,6.3e-10
"10302","rs136233",22,31212410,"A","G",0.809084,0.995023,-0.00995614,0.00176918,1.8e-08,1.8e-08
"10313","rs202645",22,41798520,"A","G",0.202939,0.999792,-0.0101598,0.00172497,3.9e-09,3.9e-09
