"","Chr","Pos","t2dm_ea","t2dm_beta","t2dm_se","t2dm_p","SNP","pval.exposure"
"1",1,117532790,"T",-0.047,0.0064,2.3e-13,"rs1127215",2.3e-13
"2",1,120526982,"T",0.084,0.01,2.1e-16,"rs1493694",2.1e-16
"3",1,151017991,"T",0.17,0.031,2.2e-08,"rs145904381",2.2e-08
"4",1,177889025,"A",-0.051,0.008,1.2e-10,"rs539515",1.2e-10
"5",1,205125662,"T",-0.042,0.0073,1.3e-08,"rs7538328",1.3e-08
"6",1,214159256,"T",-0.068,0.0064,5.6e-26,"rs340874",5.6e-26
"7",1,219762581,"A",-0.055,0.007,6.6e-15,"rs2494196",6.6e-15
"8",1,229672955,"A",-0.051,0.0067,3.9e-14,"rs348330",3.9e-14
"9",1,235688043,"A",0.039,0.0066,4e-09,"rs291365",4e-09
"10",1,40035928,"T",0.085,0.008,1.3e-26,"rs3768321",1.3e-26
"11",1,51256091,"T",-0.065,0.01,1.8e-10,"rs58432198",1.8e-10
"12",1,62579891,"T",-0.064,0.011,1.2e-08,"rs12140153",1.2e-08
"13",10,114641576,"T",0.2,0.037,2.9e-08,"rs147572957",2.9e-08
"14",10,114736670,"T",0.18,0.026,1.6e-12,"rs114322470",1.6e-12
"15",10,114754071,"T",-0.31,0.0069,0,"rs34872471",0
"16",10,12307894,"T",0.09,0.0076,3.7e-32,"rs11257655",3.7e-32
"17",10,71335802,"A",-0.044,0.007,3.2e-10,"rs12769661",3.2e-10
"18",10,71466637,"A",-0.044,0.0064,6.1e-12,"rs2812541",6.1e-12
"19",10,80952826,"C",-0.071,0.0064,2.5e-28,"rs703972",2.5e-28
"20",10,94462427,"T",0.11,0.0064,1.6e-62,"rs10882101",1.6e-62
"21",11,128044159,"T",-0.054,0.0094,7.5e-09,"rs10893830",7.5e-09
"22",11,128234144,"A",0.045,0.007,2e-10,"rs10750397",2e-10
"23",11,128398938,"T",0.056,0.008,1.4e-12,"rs67232546",1.4e-12
"24",11,14763828,"A",0.12,0.021,2.8e-08,"rs141521721",2.8e-08
"25",11,17408404,"T",-0.071,0.0066,1.9e-26,"rs5213",1.9e-26
"26",11,2076850,"T",0.051,0.0088,6.1e-09,"rs78896587",6.1e-09
"27",11,2197286,"A",0.07,0.0067,4.8e-25,"rs4929965",4.8e-25
"28",11,2692249,"T",0.06,0.0066,2.9e-19,"rs231360",2.9e-19
"29",11,2857194,"A",-0.093,0.0066,3.6e-44,"rs2237895",3.6e-44
"30",11,32927778,"T",-0.11,0.016,1.1e-11,"rs145678014",1.1e-11
"31",11,35031576,"A",-0.039,0.0071,4.8e-08,"rs952489",4.8e-08
"32",11,43877934,"A",0.05,0.007,8.5e-13,"rs1061810",8.5e-13
"33",11,47604639,"T",0.037,0.0064,9.2e-09,"rs12798028",9.2e-09
"34",11,65294799,"T",0.061,0.008,1.4e-14,"rs1783541",1.4e-14
"35",11,72460398,"A",0.11,0.0088,2.3e-33,"rs77464186",2.3e-33
"36",11,92708710,"C",-0.099,0.0071,1.5e-43,"rs10830963",1.5e-43
"37",11,93057924,"A",0.04,0.0068,3.9e-09,"rs3020067",3.9e-09
"38",12,108629780,"A",-0.05,0.0073,1.1e-11,"rs1426371",1.1e-11
"39",12,118412373,"A",0.054,0.0092,3.5e-09,"rs34965774",3.5e-09
"40",12,121432117,"C",-0.062,0.0069,3.8e-19,"rs56348580",3.8e-19
"41",12,123604053,"T",-0.045,0.0079,7.3e-09,"rs7975763",7.3e-09
"42",12,133069698,"A",0.049,0.007,2.4e-12,"rs12811407",2.4e-12
"43",12,26253557,"A",-0.037,0.0065,1.7e-08,"rs10771260",1.7e-08
"44",12,27965150,"T",-0.074,0.0081,2.5e-20,"rs10842994",2.5e-20
"45",12,4288001,"T",-0.053,0.0084,1.6e-10,"rs11063018",1.6e-10
"46",12,4376089,"T",-0.058,0.008,3.3e-13,"rs4238013",3.3e-13
"47",12,4384844,"T",0.48,0.027,5.3e-70,"rs76895963",5.3e-70
"48",12,66221060,"A",-0.11,0.011,2e-25,"rs2258238",2e-25
"49",12,71522953,"C",-0.049,0.0064,3.2e-14,"rs1796330",3.2e-14
"50",12,95928560,"T",0.035,0.0063,4.4e-08,"rs2197973",4.4e-08
"51",12,97848775,"A",0.073,0.013,2.2e-08,"rs77864822",2.2e-08
"52",13,109947213,"T",0.036,0.0065,4.1e-08,"rs7987740",4.1e-08
"53",13,26776999,"A",0.048,0.0075,2.9e-10,"rs34584161",2.9e-10
"54",13,31042452,"T",-0.042,0.0073,1.5e-08,"rs11842871",1.5e-08
"55",13,59077406,"A",0.042,0.007,3.9e-09,"rs9563615",3.9e-09
"56",13,80717156,"A",-0.083,0.0071,5.7e-31,"rs1359790",5.7e-31
"57",14,103894071,"T",-0.037,0.0067,3.8e-08,"rs62007683",3.8e-08
"58",14,23288935,"C",-0.043,0.0077,2e-08,"rs17122772",2e-08
"59",14,33302882,"T",0.038,0.0064,4e-09,"rs17522122",4e-09
"60",14,38848357,"A",-0.041,0.0073,2.8e-08,"rs8018574",2.8e-08
"61",14,79932041,"C",0.058,0.0077,9.7e-14,"rs17836088",9.7e-14
"62",14,91963722,"A",-0.038,0.0066,8.1e-09,"rs8010382",8.1e-09
"63",15,38873115,"T",-0.076,0.01,3.3e-14,"rs34715063",3.3e-14
"64",15,41857303,"T",-0.044,0.0069,3.1e-10,"rs2277536",3.1e-10
"65",15,53097088,"C",-0.041,0.0074,4.3e-08,"rs2440374",4.3e-08
"66",15,62394264,"C",-0.047,0.0064,3.7e-13,"rs8037894",3.7e-13
"67",15,63871292,"T",-0.039,0.0063,7e-10,"rs7178762",7e-10
"68",15,77818128,"A",0.079,0.007,5.7e-29,"rs1005752",5.7e-29
"69",15,90423293,"T",0.065,0.0071,7.2e-20,"rs4932265",7.2e-20
"70",15,91513157,"A",0.065,0.0092,1.5e-12,"rs2890156",1.5e-12
"71",16,295795,"T",0.061,0.0085,7e-13,"rs6600191",7e-13
"72",16,30045789,"C",-0.042,0.0065,1.2e-10,"rs11642430",1.2e-10
"73",16,3583173,"T",0.044,0.0077,1.7e-08,"rs3751837",1.7e-08
"74",16,53800954,"T",-0.12,0.0064,2.4e-78,"rs1421085",2.4e-78
"75",16,69923333,"T",-0.038,0.0064,5.3e-09,"rs7196842",5.3e-09
"76",16,75234872,"A",-0.13,0.012,1.3e-27,"rs72802342",1.3e-27
"77",16,81534790,"T",0.053,0.0069,2.1e-14,"rs2925979",2.1e-14
"78",16,89564055,"A",0.053,0.009,2.9e-09,"rs12920022",2.9e-09
"79",17,17661802,"A",0.048,0.0068,3.9e-12,"rs4925109",3.9e-12
"80",17,36063685,"A",-0.06,0.0097,6.5e-10,"rs2189301",6.5e-10
"81",17,36099952,"A",-0.074,0.0064,3.1e-30,"rs10908278",3.1e-30
"82",17,4045440,"C",0.057,0.0068,5.7e-17,"rs1377807",5.7e-17
"83",17,40566240,"T",-0.077,0.013,7.6e-10,"rs1968866",7.6e-10
"84",17,47060322,"A",-0.055,0.0069,3.8e-15,"rs35895680",3.8e-15
"85",17,62203304,"T",0.052,0.0095,2.9e-08,"rs60276348",2.9e-08
"86",17,65892507,"C",0.055,0.0081,1e-11,"rs61676547",1e-11
"87",17,9785187,"C",0.039,0.0068,1.7e-08,"rs7222481",1.7e-08
"88",18,36278709,"T",-0.056,0.0098,9.1e-09,"rs62080313",9.1e-09
"89",18,56878274,"T",-0.046,0.0082,1.8e-08,"rs1517037",1.8e-08
"90",18,57848369,"A",-0.056,0.0074,7.5e-14,"rs523288",7.5e-14
"91",18,7070642,"T",-0.037,0.0065,2e-08,"rs7240767",2e-08
"92",19,13038415,"A",0.046,0.0065,1.6e-12,"rs3111316",1.6e-12
"93",19,19388500,"A",-0.093,0.012,6.3e-15,"rs8107974",6.3e-15
"94",19,33890838,"C",0.035,0.0064,4.6e-08,"rs10406327",4.6e-08
"95",19,45411941,"T",0.08,0.0092,1.8e-18,"rs429358",1.8e-18
"96",19,46157019,"A",0.059,0.0065,2.5e-19,"rs10406431",2.5e-19
"97",19,47602577,"A",0.045,0.0076,4e-09,"rs9304665",4e-09
"98",19,7970635,"A",0.047,0.0066,1.1e-12,"rs4804833",1.1e-12
"99",2,121347612,"C",-0.058,0.0075,1.4e-14,"rs11688682",1.4e-14
"100",2,147861633,"T",0.052,0.0091,8.3e-09,"rs35999103",8.3e-09
"101",2,158339550,"A",0.082,0.013,6.4e-10,"rs13426680",6.4e-10
"102",2,161131694,"A",0.048,0.0072,3.8e-11,"rs1563575",3.8e-11
"103",2,165513091,"T",0.06,0.0064,1.6e-20,"rs10195252",1.6e-20
"104",2,16574669,"A",0.058,0.01,1.3e-08,"rs11680058",1.3e-08
"105",2,227101411,"A",-0.094,0.0066,7.9e-46,"rs2972144",7.9e-46
"106",2,27730940,"T",-0.067,0.0065,1.3e-24,"rs1260326",1.3e-24
"107",2,422144,"T",0.11,0.016,1.8e-11,"rs62107261",1.8e-11
"108",2,43698028,"A",0.13,0.011,2.7e-30,"rs80147536",2.7e-30
"109",2,58981064,"T",0.037,0.0065,1.7e-08,"rs10193538",1.7e-08
"110",2,60583665,"A",0.058,0.0063,4.4e-20,"rs243024",4.4e-20
"111",2,652247,"A",-0.054,0.0085,1.8e-10,"rs7608050",1.8e-10
"112",2,65659488,"A",0.051,0.0065,7.2e-15,"rs12185577",7.2e-15
"113",20,21466795,"T",-0.058,0.01,1.3e-08,"rs13041756",1.3e-08
"114",20,32596704,"A",0.043,0.0067,2.9e-10,"rs2268078",2.9e-10
"115",20,43042364,"T",0.16,0.017,3.2e-20,"rs1800961",3.2e-20
"116",20,45581777,"C",-0.041,0.0064,1.3e-10,"rs1999536",1.3e-10
"117",20,48832135,"T",-0.043,0.0064,2.5e-11,"rs11699802",2.5e-11
"118",20,57394628,"C",-0.044,0.0063,3.2e-12,"rs6070625",3.2e-12
"119",22,30609554,"A",-0.083,0.012,9.6e-13,"rs6518681",9.6e-13
"120",22,32348841,"T",-0.065,0.011,1.5e-08,"rs117001013",1.5e-08
"121",22,41489920,"A",0.038,0.007,4.6e-08,"rs5758223",4.6e-08
"122",22,50356850,"T",-0.048,0.0074,1.5e-10,"rs1801645",1.5e-10
"123",3,123065778,"A",0.089,0.0076,1.3e-31,"rs11708067",1.3e-31
"124",3,12336507,"A",-0.11,0.0098,1.6e-27,"rs11709077",1.6e-27
"125",3,124919777,"T",-0.039,0.0064,1.4e-09,"rs4679370",1.4e-09
"126",3,150066540,"A",0.088,0.014,1e-09,"rs62271373",1e-09
"127",3,152095708,"T",0.038,0.0066,1.5e-08,"rs12630224",1.5e-08
"128",3,168218841,"A",0.051,0.0091,2.2e-08,"rs7629630",2.2e-08
"129",3,170733076,"A",-0.066,0.007,8.5e-21,"rs9873618",8.5e-21
"130",3,185503456,"A",0.11,0.0068,2.5e-58,"rs6780171",2.5e-58
"131",3,186647652,"T",0.041,0.007,5.9e-09,"rs9814673",5.9e-09
"132",3,187740899,"T",-0.06,0.0065,3.1e-20,"rs4686471",3.1e-20
"133",3,23455582,"T",0.071,0.0079,9.5e-20,"rs35352848",9.5e-20
"134",3,49980596,"T",0.043,0.0069,4.5e-10,"rs4688760",4.5e-10
"135",3,63897215,"T",-0.065,0.0089,3.3e-13,"rs2292662",3.3e-13
"136",3,64701146,"A",0.055,0.007,7.4e-15,"rs9860730",7.4e-15
"137",3,77671721,"A",-0.037,0.0065,1.2e-08,"rs2272163",1.2e-08
"138",4,104140848,"A",-0.041,0.0064,2.9e-10,"rs1580278",2.9e-10
"139",4,137083193,"A",0.035,0.0064,4.3e-08,"rs1296328",4.3e-08
"140",4,153513369,"A",-0.054,0.007,1.8e-14,"rs7669833",1.8e-14
"141",4,17792869,"A",-0.039,0.0071,4.5e-08,"rs12640250",4.5e-08
"142",4,1788130,"C",-0.046,0.0075,1e-09,"rs4865436",1e-09
"143",4,185717759,"T",0.068,0.0092,1e-13,"rs58730668",1e-13
"144",4,45186139,"A",0.044,0.0064,4.9e-12,"rs10938398",4.9e-12
"145",4,52818664,"A",-0.038,0.0069,4.5e-08,"rs2102278",4.5e-08
"146",4,6306763,"C",0.087,0.0065,1.6e-40,"rs10937721",1.6e-40
"147",4,744972,"T",0.11,0.015,1.2e-12,"rs1531583",1.2e-12
"148",4,83578271,"A",0.042,0.0067,5.7e-10,"rs138641407",5.7e-10
"149",4,95091911,"A",0.042,0.0063,5.4e-11,"rs6821438",5.4e-11
"150",5,102422968,"T",0.17,0.015,1.7e-29,"rs115505614",1.7e-29
"151",5,133864599,"A",0.037,0.0064,9.2e-09,"rs329122",9.2e-09
"152",5,14768092,"C",0.078,0.011,9.5e-13,"rs6885132",9.5e-13
"153",5,44945090,"C",0.038,0.0065,5.8e-09,"rs11958808",5.8e-09
"154",5,52072194,"A",0.046,0.0076,2.1e-09,"rs2648731",2.1e-09
"155",5,53271420,"A",0.051,0.0069,2.1e-13,"rs702634",2.1e-13
"156",5,55806751,"A",-0.073,0.0073,4.4e-23,"rs459193",4.4e-23
"157",5,75003678,"T",0.053,0.0065,3.3e-16,"rs2307111",3.3e-16
"158",5,76424949,"A",-0.059,0.0069,1.4e-17,"rs4457053",1.4e-17
"159",5,78451409,"A",0.04,0.0065,1.3e-09,"rs72764969",1.3e-09
"160",6,107431688,"A",-0.039,0.0068,1e-08,"rs4946812",1e-08
"161",6,126792095,"A",-0.067,0.0075,1.3e-18,"rs11759026",1.3e-18
"162",6,137302159,"T",0.05,0.0064,8.4e-15,"rs1573090",8.4e-15
"163",6,160770312,"A",0.039,0.0063,1e-09,"rs474513",1e-09
"164",6,164133001,"T",-0.056,0.0096,5e-09,"rs4709746",5e-09
"165",6,20679709,"A",-0.14,0.007,3e-87,"rs7756992",3e-87
"166",6,31524851,"T",0.061,0.0077,4.8e-15,"rs2857605",4.8e-15
"167",6,32573415,"A",-0.08,0.0085,2.7e-21,"rs601945",2.7e-21
"168",6,43814190,"T",-0.051,0.007,3.7e-13,"rs6458354",3.7e-13
"169",6,50788778,"A",-0.058,0.0082,1.1e-12,"rs3798519",1.1e-12
"170",6,7049440,"A",0.042,0.0065,1e-10,"rs648795",1e-10
"171",6,7231843,"A",-0.097,0.011,2.3e-20,"rs9379084",2.3e-20
"172",7,102486254,"T",0.047,0.0083,1.2e-08,"rs11496066",1.2e-08
"173",7,117495667,"A",0.042,0.0073,1.5e-08,"rs6976111",1.5e-08
"174",7,130457914,"A",-0.058,0.0069,7.6e-17,"rs1562396",7.6e-17
"175",7,14898282,"T",0.069,0.0083,6.9e-17,"rs17168486",6.9e-17
"176",7,150541189,"A",-0.044,0.0076,1.1e-08,"rs1117610",1.1e-08
"177",7,15063569,"T",0.066,0.0063,1.9e-25,"rs10228066",1.9e-25
"178",7,156930550,"C",-0.058,0.0068,3.9e-17,"rs6459733",3.9e-17
"179",7,28198677,"T",-0.092,0.0063,4.2e-48,"rs1708302",4.2e-48
"180",7,30728557,"A",0.044,0.0075,4.8e-09,"rs58682124",4.8e-09
"181",7,44255643,"A",0.057,0.0074,1.6e-14,"rs878521",1.6e-14
"182",8,118185025,"A",-0.11,0.0069,6.3e-55,"rs3802177",6.3e-55
"183",8,128711742,"A",-0.078,0.013,5e-10,"rs17772814",5e-10
"184",8,129568078,"T",-0.043,0.0071,1.9e-09,"rs1561927",1.9e-09
"185",8,145507304,"T",-0.051,0.0067,4.4e-14,"rs4977213",4.4e-14
"186",8,145879883,"T",0.039,0.0064,2.1e-09,"rs12719778",2.1e-09
"187",8,19812812,"T",-0.048,0.0085,1.4e-08,"rs263",1.4e-08
"188",8,30863938,"T",0.041,0.0068,2.3e-09,"rs10954772",2.3e-09
"189",8,41508577,"A",-0.094,0.0087,1.8e-27,"rs13262861",1.8e-27
"190",8,95961626,"T",0.051,0.0063,1.1e-15,"rs10097617",1.1e-15
"191",8,9974824,"A",-0.048,0.0064,1.7e-13,"rs17689007",1.7e-13
"192",9,136149229,"T",-0.046,0.0067,5.4e-12,"rs505922",5.4e-12
"193",9,139241030,"A",-0.076,0.0081,2.6e-21,"rs28505901",2.6e-21
"194",9,19067833,"A",-0.04,0.0064,3.6e-10,"rs7022807",3.6e-10
"195",9,22060935,"A",-0.054,0.0065,1.3e-16,"rs2383205",1.3e-16
"196",9,22134068,"A",-0.16,0.0086,6.6e-79,"rs10811660",6.6e-79
"197",9,28410683,"T",-0.043,0.0068,2.5e-10,"rs1412234",2.5e-10
"198",9,34074476,"T",-0.041,0.0065,3.7e-10,"rs12001437",3.7e-10
"199",9,4291928,"A",-0.051,0.0066,1.6e-14,"rs10974438",1.6e-14
"200",9,81905590,"A",0.1,0.013,2.9e-14,"rs17791513",2.9e-14
"201",9,84308948,"A",-0.066,0.0065,8.5e-24,"rs2796441",8.5e-24
"202",9,97001682,"A",0.043,0.0072,3.2e-09,"rs55653563",3.2e-09
